Workbook

Sheet 8 KYU
A1: FORMULIR - 27
A2: FORMULIR PENILAIAN UJIAN KENAIKAN TINGKAT MENUJU KYU VIII (DELAPAN)
A3: Tanggal :
A4: NO. | B4: NAMA | C4: N.I.K | D4: DOJO / PENGKAB / PENGKOT / PENGPROV | E4: JENIS KELAMIN | F4: UMUR | G4: TEKNIK I | L4: TEKNIK II | R4: HOKEI SO TAI | V4: Nilai Total
G5: 100 | L5: 100 | R5: 100
G6: Etika - Tata Krama | H6: Tai Gamae | I6: Tai Sabaki | J6: Umpo Ho | K6: Sub Total | L6: Teknik Menyerang | M6: Teknik Bertahan | N6: Bertahan dgn Bergerak | O6: Do Zuki, Do Geri | P6: Ken (tandoku) | Q6: Sub Total | R6: Uchi uke zuki (ura) | S6: Kote nuki | T6: Tenchi ken dai ikkei (tandoku) | U6: Sub Total
G7: 40 | H7: 20 | I7: 20 | J7: 20 | K7: 100 | L7: 20 | M7: 20 | N7: 10 | O7: 10 | P7: 40 | Q7: 100 | R7: 30 | S7: 30 | T7: 40 | U7: 100 | V7: 300
A8: 1
A9: =A8+1 -> 2
A10: =A9+1 -> 3
A11: =A10+1 -> 4
A12: =A11+1 -> 5
A13: =A12+1 -> 6
A14: =A13+1 -> 7
A15: =A14+1 -> 8
A16: =A15+1 -> 9
A17: =A16+1 -> 10
A19: Teknik I (100) : | F19: Teknik II (100) : | R19: Hokei So Tai (100) :
A20: 1. | B20: Etika-Tatakrama : Evaluasi selama ujian Penguji dapat menguji dengan memerintahkan peserta ujian | F20: 1. | G20: Teknik Menyerang : (kaisoku dachi) me uchi, furiko zuki (hidari mae, migi mae) jun zuki, gyaku zuki | R20: Lakukan sisi kanan saja.
B21: untuk mengerjakan soal-soal ini.
A22: 2. | B22: Tai gamae, bentuknya : (kaisoku, hidari, migi) chudan gamae, ichiji gamae, tai gamae, hiraki gamae. | F22: 2. | G22: Teknik Bertahan : (kaisoku dachi) uchi uke, uchi harai uke
A23: 3. | B23: Tai sabaki : zen tenkan, han tenkan, kaishin. | F23: 3. | G23: Bertahan dengan bergerak : zenshin zuki (jun, gyaku), zenshin geri (jun, gyaku)
A24: 4. | B24: Umpo ho : chidori ashi, kani ashi, juji ashi, kumo ashi. | F24: 4. | G24: Kihon hokei : dilakukan dari kedua sisi kiri (10 poin) dan sisi kanan (10 poin)
A26: Catatan : Ujian teknik terdiri dari Teknik I (100 poin), Teknik II (100 poin) dan Hokei (100 poin). Setiap kategori harus 60% dari 100 poin dan juga skor total harus 70% dari 300 poin untuk lulus tes.
B28: Penguji 1 | E28: Penguji 2 | Q28: Penguji 3
B32: Nama : | E32: Nama : | Q32: Nama :
B33: DAN : | E33: DAN : | Q33: DAN :
A35: 11
A36: =A35+1 -> 12
A37: =A36+1 -> 13
A38: =A37+1 -> 14
A39: =A38+1 -> 15
A40: =A39+1 -> 16
A41: =A40+1 -> 17
A42: =A41+1 -> 18
A43: =A42+1 -> 19
A44: =A43+1 -> 20
A46: Teknik I (100) : | F46: Teknik II (100) : | R46: Hokei So Tai (100) :
A47: 1. | B47: Etika-Tatakrama : Evaluasi selama ujian Penguji dapat menguji dengan memerintahkan peserta ujian | F47: 1. | G47: Teknik Menyerang : (kaisoku dachi) me uchi, furiko zuki (hidari mae, migi mae) jun zuki, gyaku zuki | R47: Lakukan sisi kanan saja.
B48: untuk mengerjakan soal-soal ini.
A49: 2. | B49: Tai gamae, bentuknya : (kaisoku, hidari, migi) chudan gamae, ichiji gamae, tai gamae, hiraki gamae. | F49: 2. | G49: Teknik Bertahan : (kaisoku dachi) uchi uke, uchi harai uke
A50: 3. | B50: Tai sabaki : zen tenkan, han tenkan, kaishin. | F50: 3. | G50: Bertahan dengan bergerak : zenshin zuki (jun, gyaku), zenshin geri (jun, gyaku)
A51: 4. | B51: Umpo ho : chidori ashi, kani ashi, juji ashi, kumo ashi. | F51: 4. | G51: Kihon hokei : dilakukan dari kedua sisi kiri (10 poin) dan sisi kanan (10 poin)
A53: Catatan : Ujian teknik terdiri dari Teknik I (100 poin), Teknik II (100 poin) dan Hokei (100 poin). Setiap kategori harus 60% dari 100 poin dan juga skor total harus 70% dari 300 poin untuk lulus tes.
B55: Penguji 1 | E55: Penguji 2 | Q55: Penguji 3
B59: Nama : | E59: Nama : | Q59: Nama :
B60: DAN : | E60: DAN : | Q60: DAN :
A62: 21
A63: =A62+1 -> 22
A64: =A63+1 -> 23
A65: =A64+1 -> 24
A66: =A65+1 -> 25
A67: =A66+1 -> 26
A68: =A67+1 -> 27
A69: =A68+1 -> 28
A70: =A69+1 -> 29
A71: =A70+1 -> 30
A73: Teknik I (100) : | F73: Teknik II (100) : | R73: Hokei So Tai (100) :
A74: 1. | B74: Etika-Tatakrama : Evaluasi selama ujian Penguji dapat menguji dengan memerintahkan peserta ujian | F74: 1. | G74: Teknik Menyerang : (kaisoku dachi) me uchi, furiko zuki (hidari mae, migi mae) jun zuki, gyaku zuki | R74: Lakukan sisi kanan saja.
B75: untuk mengerjakan soal-soal ini.
A76: 2. | B76: Tai gamae, bentuknya : (kaisoku, hidari, migi) chudan gamae, ichiji gamae, tai gamae, hiraki gamae. | F76: 2. | G76: Teknik Bertahan : (kaisoku dachi) uchi uke, uchi harai uke
A77: 3. | B77: Tai sabaki : zen tenkan, han tenkan, kaishin. | F77: 3. | G77: Bertahan dengan bergerak : zenshin zuki (jun, gyaku), zenshin geri (jun, gyaku)
A78: 4. | B78: Umpo ho : chidori ashi, kani ashi, juji ashi, kumo ashi. | F78: 4. | G78: Kihon hokei : dilakukan dari kedua sisi kiri (10 poin) dan sisi kanan (10 poin)
A80: Catatan : Ujian teknik terdiri dari Teknik I (100 poin), Teknik II (100 poin) dan Hokei (100 poin). Setiap kategori harus 60% dari 100 poin dan juga skor total harus 70% dari 300 poin untuk lulus tes.
B82: Penguji 1 | E82: Penguji 2 | Q82: Penguji 3
B86: Nama : | E86: Nama : | Q86: Nama :
B87: DAN : | E87: DAN : | Q87: DAN :
A89: 31
A90: =A89+1 -> 32
A91: =A90+1 -> 33
A92: =A91+1 -> 34
A93: =A92+1 -> 35
A94: =A93+1 -> 36
A95: =A94+1 -> 37
A96: =A95+1 -> 38
A97: =A96+1 -> 39
A98: =A97+1 -> 40
A100: Teknik I (100) : | F100: Teknik II (100) : | R100: Hokei So Tai (100) :
A101: 1. | B101: Etika-Tatakrama : Evaluasi selama ujian Penguji dapat menguji dengan memerintahkan peserta ujian | F101: 1. | G101: Teknik Menyerang : (kaisoku dachi) me uchi, furiko zuki (hidari mae, migi mae) jun zuki, gyaku zuki | R101: Lakukan sisi kanan saja.
B102: untuk mengerjakan soal-soal ini.
A103: 2. | B103: Tai gamae, bentuknya : (kaisoku, hidari, migi) chudan gamae, ichiji gamae, tai gamae, hiraki gamae. | F103: 2. | G103: Teknik Bertahan : (kaisoku dachi) uchi uke, uchi harai uke
A104: 3. | B104: Tai sabaki : zen tenkan, han tenkan, kaishin. | F104: 3. | G104: Bertahan dengan bergerak : zenshin zuki (jun, gyaku), zenshin geri (jun, gyaku)
A105: 4. | B105: Umpo ho : chidori ashi, kani ashi, juji ashi, kumo ashi. | F105: 4. | G105: Kihon hokei : dilakukan dari kedua sisi kiri (10 poin) dan sisi kanan (10 poin)
A107: Catatan : Ujian teknik terdiri dari Teknik I (100 poin), Teknik II (100 poin) dan Hokei (100 poin). Setiap kategori harus 60% dari 100 poin dan juga skor total harus 70% dari 300 poin untuk lulus tes.
B109: Penguji 1 | E109: Penguji 2 | Q109: Penguji 3
B113: Nama : | E113: Nama : | Q113: Nama :
B114: DAN : | E114: DAN : | Q114: DAN :
A116: 41
A117: =A116+1 -> 42
A118: =A117+1 -> 43
A119: =A118+1 -> 44
A120: =A119+1 -> 45
A121: =A120+1 -> 46
A122: =A121+1 -> 47
A123: =A122+1 -> 48
A124: =A123+1 -> 49
A125: =A124+1 -> 50
A127: Teknik I (100) : | F127: Teknik II (100) : | R127: Hokei So Tai (100) :
A128: 1. | B128: Etika-Tatakrama : Evaluasi selama ujian Penguji dapat menguji dengan memerintahkan peserta ujian | F128: 1. | G128: Teknik Menyerang : (kaisoku dachi) me uchi, furiko zuki (hidari mae, migi mae) jun zuki, gyaku zuki | R128: Lakukan sisi kanan saja.
B129: untuk mengerjakan soal-soal ini.
...

Sheet 7 KYU
A1: FORMULIR - 27
A2: FORMULIR PENILAIAN UJIAN KENAIKAN TINGKAT MENUJU KYU VII (TUJUH)
A3: Tanggal :
A4: NO. | B4: NAMA | C4: N.I.K | D4: DOJO / PENGKAB / PENGKOT / PENGPROV | E4: JENIS KELAMIN | F4: UMUR | G4: TEKNIK I | M4: TEKNIK II | S4: HOKEI SO TAI | Y4: Nilai Total
G5: 100 | M5: 100 | S5: 100
G6: Etika - Tata Krama | H6: Tai Gamae | I6: Tai Sabaki | J6: Umpo Ho | K6: Ukemi | L6: Sub Total | M6: Teknik Menyerang | N6: Teknik Bertahan | O6: Bertahan dgn Bergerak | P6: Do Zuki, Do Geri | Q6: Ken (tandoku) | R6: Sub Total | S6: Uwa uke zuki (omote) | T6: Uchi uke zuki (ura) | U6: Kote nuki | V6: Ryuo ken dai ikkei (tandoku) | W6: - | X6: Sub Total
G7: 60 | H7: 10 | I7: 10 | J7: 10 | K7: 10 | L7: 100 | M7: 20 | N7: 20 | O7: 10 | P7: 10 | Q7: 40 | R7: 100 | S7: 20 | T7: 20 | U7: 20 | V7: 40 | X7: 100 | Y7: 300
A8: 1
A9: =A8+1 -> 2
A10: =A9+1 -> 3
A11: =A10+1 -> 4
A12: =A11+1 -> 5
A13: =A12+1 -> 6
A14: =A13+1 -> 7
A15: =A14+1 -> 8
A16: =A15+1 -> 9
A17: =A16+1 -> 10
A19: Teknik I (100) : | F19: Teknik II (100) : | S19: Hokei So Tai (100) :
A20: 1. | B20: Etika-Tatakrama : Evaluasi selama ujian Penguji dapat menguji dengan memerintahkan peserta ujian | F20: 1. | G20: Teknik Menyerang : (kaisoku dachi) me uchi, kinteki geri, furiko zuki, keri age, (hidari mae, migi mae) jun zuki, gyaku zuki, jun geri, gyaku geri | S20: Lakukan kedua sisi untuk evaluasi keseluruhan.
B21: untuk mengerjakan soal-soal ini. | S21: Untuk teknik Goho gunakan alat pelindung (Do).
A22: 2. | B22: Tai gamae, bentuknya : (kaisoku, hidari, migi) chudan gamae, ichiji gamae, tai gamae, hiraki gamae. | F22: 2. | G22: Teknik Bertahan : (kaisoku dachi) uwa uke, uchi uke, shita uke, uchi harai uke
A23: 3. | B23: Tai sabaki : zen tenkan, han tenkan. | F23: 3. | G23: Bertahan dengan bergerak : zenshin zuki (jun, gyaku), zenshin geri (jun, gyaku)
A24: 4. | B24: Umpo ho : chidori ashi, kani ashi, juji ashi, kumo ashi. | F24: 4. | G24: Do zuki, do geri: (kaisoku dachi) furiko zuki, keri age, (hidari mae, migi mae) jun zuki, gyaku zuki, jun geri, gyaku geri
A25: 5. | B25: Ukemi : mae ukemi, ushiro ukemi, daisharin, oten yori okiagari.
F26: 5. | G26: Kihon hokei : dilakukan dari kedua sisi kiri (10 poin) dan sisi kanan (10 poin)
A27: Catatan : Ujian teknik terdiri dari Teknik I (100 poin), Teknik II (100 poin) dan Hokei (100 poin). Setiap kategori harus 60% dari 100 poin dan juga skor total harus 70% dari 300 poin untuk lulus tes.
B29: Penguji 1 | E29: Penguji 2 | R29: Penguji 3
B33: Nama : | E33: Nama : | R33: Nama :
B34: DAN : | E34: DAN : | R34: DAN :
A36: 11
A37: =A36+1 -> 12
A38: =A37+1 -> 13
A39: =A38+1 -> 14
A40: =A39+1 -> 15
A41: =A40+1 -> 16
A42: =A41+1 -> 17
A43: =A42+1 -> 18
A44: =A43+1 -> 19
A45: =A44+1 -> 20
A47: Teknik I (100) : | F47: Teknik II (100) : | S47: Hokei So Tai (100) :
A48: 1. | B48: Etika-Tatakrama : Evaluasi selama ujian Penguji dapat menguji dengan memerintahkan peserta ujian | F48: 1. | G48: Teknik Menyerang : (kaisoku dachi) me uchi, kinteki geri, furiko zuki, keri age, (hidari mae, migi mae) jun zuki, gyaku zuki, jun geri, gyaku geri | S48: Lakukan kedua sisi untuk evaluasi keseluruhan.
B49: untuk mengerjakan soal-soal ini. | S49: Untuk teknik Goho gunakan alat pelindung (Do).
A50: 2. | B50: Tai gamae, bentuknya : (kaisoku, hidari, migi) chudan gamae, ichiji gamae, tai gamae, hiraki gamae. | F50: 2. | G50: Teknik Bertahan : (kaisoku dachi) uwa uke, uchi uke, shita uke, uchi harai uke
A51: 3. | B51: Tai sabaki : zen tenkan, han tenkan. | F51: 3. | G51: Bertahan dengan bergerak : zenshin zuki (jun, gyaku), zenshin geri (jun, gyaku)
A52: 4. | B52: Umpo ho : chidori ashi, kani ashi, juji ashi, kumo ashi. | F52: 4. | G52: Do zuki, do geri: (kaisoku dachi) furiko zuki, keri age, (hidari mae, migi mae) jun zuki, gyaku zuki, jun geri, gyaku geri
A53: 5. | B53: Ukemi : mae ukemi, ushiro ukemi, daisharin, oten yori okiagari.
F54: 5. | G54: Kihon hokei : dilakukan dari kedua sisi kiri (10 poin) dan sisi kanan (10 poin)
A55: Catatan : Ujian teknik terdiri dari Teknik I (100 poin), Teknik II (100 poin) dan Hokei (100 poin). Setiap kategori harus 60% dari 100 poin dan juga skor total harus 70% dari 300 poin untuk lulus tes.
B57: Penguji 1 | E57: Penguji 2 | R57: Penguji 3
B61: Nama : | E61: Nama : | R61: Nama :
B62: DAN : | E62: DAN : | R62: DAN :
A64: 21
A65: =A64+1 -> 22
A66: =A65+1 -> 23
A67: =A66+1 -> 24
A68: =A67+1 -> 25
A69: =A68+1 -> 26
A70: =A69+1 -> 27
A71: =A70+1 -> 28
A72: =A71+1 -> 29
A73: =A72+1 -> 30
A75: Teknik I (100) : | F75: Teknik II (100) : | S75: Hokei So Tai (100) :
A76: 1. | B76: Etika-Tatakrama : Evaluasi selama ujian Penguji dapat menguji dengan memerintahkan peserta ujian | F76: 1. | G76: Teknik Menyerang : (kaisoku dachi) me uchi, kinteki geri, furiko zuki, keri age, (hidari mae, migi mae) jun zuki, gyaku zuki, jun geri, gyaku geri | S76: Lakukan kedua sisi untuk evaluasi keseluruhan.
B77: untuk mengerjakan soal-soal ini. | S77: Untuk teknik Goho gunakan alat pelindung (Do).
A78: 2. | B78: Tai gamae, bentuknya : (kaisoku, hidari, migi) chudan gamae, ichiji gamae, tai gamae, hiraki gamae. | F78: 2. | G78: Teknik Bertahan : (kaisoku dachi) uwa uke, uchi uke, shita uke, uchi harai uke
A79: 3. | B79: Tai sabaki : zen tenkan, han tenkan. | F79: 3. | G79: Bertahan dengan bergerak : zenshin zuki (jun, gyaku), zenshin geri (jun, gyaku)
A80: 4. | B80: Umpo ho : chidori ashi, kani ashi, juji ashi, kumo ashi. | F80: 4. | G80: Do zuki, do geri: (kaisoku dachi) furiko zuki, keri age, (hidari mae, migi mae) jun zuki, gyaku zuki, jun geri, gyaku geri
A81: 5. | B81: Ukemi : mae ukemi, ushiro ukemi, daisharin, oten yori okiagari.
F82: 5. | G82: Kihon hokei : dilakukan dari kedua sisi kiri (10 poin) dan sisi kanan (10 poin)
A83: Catatan : Ujian teknik terdiri dari Teknik I (100 poin), Teknik II (100 poin) dan Hokei (100 poin). Setiap kategori harus 60% dari 100 poin dan juga skor total harus 70% dari 300 poin untuk lulus tes.
B85: Penguji 1 | E85: Penguji 2 | R85: Penguji 3
B89: Nama : | E89: Nama : | R89: Nama :
B90: DAN : | E90: DAN : | R90: DAN :
A92: 31
A93: =A92+1 -> 32
A94: =A93+1 -> 33
A95: =A94+1 -> 34
A96: =A95+1 -> 35
A97: =A96+1 -> 36
A98: =A97+1 -> 37
A99: =A98+1 -> 38
A100: =A99+1 -> 39
A101: =A100+1 -> 40
A103: Teknik I (100) : | F103: Teknik II (100) : | S103: Hokei So Tai (100) :
A104: 1. | B104: Etika-Tatakrama : Evaluasi selama ujian Penguji dapat menguji dengan memerintahkan peserta ujian | F104: 1. | G104: Teknik Menyerang : (kaisoku dachi) me uchi, kinteki geri, furiko zuki, keri age, (hidari mae, migi mae) jun zuki, gyaku zuki, jun geri, gyaku geri | S104: Lakukan kedua sisi untuk evaluasi keseluruhan.
B105: untuk mengerjakan soal-soal ini. | S105: Untuk teknik Goho gunakan alat pelindung (Do).
A106: 2. | B106: Tai gamae, bentuknya : (kaisoku, hidari, migi) chudan gamae, ichiji gamae, tai gamae, hiraki gamae. | F106: 2. | G106: Teknik Bertahan : (kaisoku dachi) uwa uke, uchi uke, shita uke, uchi harai uke
A107: 3. | B107: Tai sabaki : zen tenkan, han tenkan. | F107: 3. | G107: Bertahan dengan bergerak : zenshin zuki (jun, gyaku), zenshin geri (jun, gyaku)
A108: 4. | B108: Umpo ho : chidori ashi, kani ashi, juji ashi, kumo ashi. | F108: 4. | G108: Do zuki, do geri: (kaisoku dachi) furiko zuki, keri age, (hidari mae, migi mae) jun zuki, gyaku zuki, jun geri, gyaku geri
A109: 5. | B109: Ukemi : mae ukemi, ushiro ukemi, daisharin, oten yori okiagari.
F110: 5. | G110: Kihon hokei : dilakukan dari kedua sisi kiri (10 poin) dan sisi kanan (10 poin)
A111: Catatan : Ujian teknik terdiri dari Teknik I (100 poin), Teknik II (100 poin) dan Hokei (100 poin). Setiap kategori harus 60% dari 100 poin dan juga skor total harus 70% dari 300 poin untuk lulus tes.
B113: Penguji 1 | E113: Penguji 2 | R113: Penguji 3
B117: Nama : | E117: Nama : | R117: Nama :
B118: DAN : | E118: DAN : | R118: DAN :
A120: 41
A121: =A120+1 -> 42
A122: =A121+1 -> 43
A123: =A122+1 -> 44
A124: =A123+1 -> 45
...

Sheet 6 KYU
A1: FORMULIR - 27
A2: FORMULIR PENILAIAN UJIAN KENAIKAN TINGKAT MENUJU KYU VI (ENAM)
A3: Tanggal :
A4: NO. | B4: NAMA | C4: N.I.K | D4: DOJO / PENGKAB / PENGKOT / PENGPROV | E4: JENIS KELAMIN | F4: UMUR | G4: TEKNIK I | M4: TEKNIK II | T4: HOKEI SO TAI | Z4: Nilai Total
G5: 100 | M5: 100 | T5: 100
G6: Etika - Tata Krama | H6: Tai Gamae | I6: Tai Sabaki | J6: Umpo Ho | K6: Ukemi | L6: Sub Total | M6: Teknik Menyerang | N6: Teknik Bertahan | O6: Bertahan dgn Bergerak | P6: Do Zuki, Do Geri | Q6: Tenchi ken dai ikkei (tandoku) | R6: Ryuo ken dai ikkei (tandoku) | S6: Sub Total | T6: Ryu sui geri (ushiro) | U6: Uchi uke zuki (ura) | V6: Tenshin geri | W6: Uwa uke zuki (omote) | X6: Kote nuki | Y6: Sub Total
G7: 60 | H7: 10 | I7: 10 | J7: 10 | K7: 10 | L7: 100 | M7: 20 | N7: 20 | O7: 10 | P7: 10 | Q7: 20 | R7: 20 | S7: 100 | T7: 20 | U7: 20 | V7: 20 | W7: 20 | X7: 20 | Y7: 100 | Z7: 300
A8: 1
A9: =A8+1 -> 2
A10: =A9+1 -> 3
A11: =A10+1 -> 4
A12: =A11+1 -> 5
A13: =A12+1 -> 6
A14: =A13+1 -> 7
A15: =A14+1 -> 8
A16: =A15+1 -> 9
A17: =A16+1 -> 10
A19: Teknik I (100) : | F19: Teknik II (100) : | T19: Hokei So Tai (100) :
A20: 1. | B20: Etika-Tatakrama : Evaluasi selama ujian Penguji dapat menguji dengan memerintahkan peserta ujian | F20: 1. | G20: Teknik Menyerang : (kaisoku dachi) me uchi, kinteki geri, furiko zuki, keri age, (hidari mae, migi mae) jun zuki, gyaku zuki, jun geri, gyaku geri | T20: Lakukan kedua sisi untuk evaluasi keseluruhan.
B21: untuk mengerjakan soal-soal ini. | T21: Untuk teknik Goho gunakan alat pelindung (Do).
A22: 2. | B22: Tai gamae, bentuknya : (kaisoku, hidari, migi) chudan gamae, ichiji gamae, tai gamae, hiraki gamae. | F22: 2. | G22: Teknik Bertahan : (kaisoku dachi) uwa uke, uchi uke, shita uke, uchi harai uke
A23: 3. | B23: Tai sabaki : zen tenkan, han tenkan. | F23: 3. | G23: Bertahan dengan bergerak : zenshin zuki (jun, gyaku), zenshin geri (jun, gyaku)
A24: 4. | B24: Umpo ho : chidori ashi, kani ashi, juji ashi, kumo ashi. | F24: 4. | G24: Do zuki, do geri: (kaisoku dachi) furiko zuki, keri age, (hidari mae, migi mae) jun zuki, gyaku zuki, jun geri, gyaku geri
A25: 5. | B25: Ukemi : mae ukemi, ushiro ukemi, daisharin, oten yori okiagari.
F26: 5. | G26: Kihon hokei : dilakukan dari kedua sisi kiri (10 poin) dan sisi kanan (10 poin)
A27: Catatan : Ujian teknik terdiri dari Teknik I (100 poin), Teknik II (100 poin) dan Hokei (100 poin). Setiap kategori harus 60% dari 100 poin dan juga skor total harus 70% dari 300 poin untuk lulus tes.
B29: Penguji 1 | E29: Penguji 2 | R29: Penguji 3
B33: Nama : | E33: Nama : | R33: Nama :
B34: DAN : | E34: DAN : | R34: DAN :
A36: 11
A37: =A36+1 -> 12
A38: =A37+1 -> 13
A39: =A38+1 -> 14
A40: =A39+1 -> 15
A41: =A40+1 -> 16
A42: =A41+1 -> 17
A43: =A42+1 -> 18
A44: =A43+1 -> 19
A45: =A44+1 -> 20
A47: Teknik I (100) : | F47: Teknik II (100) : | T47: Hokei So Tai (100) :
A48: 1. | B48: Etika-Tatakrama : Evaluasi selama ujian Penguji dapat menguji dengan memerintahkan peserta ujian | F48: 1. | G48: Teknik Menyerang : (kaisoku dachi) me uchi, kinteki geri, furiko zuki, keri age, (hidari mae, migi mae) jun zuki, gyaku zuki, jun geri, gyaku geri | T48: Lakukan kedua sisi untuk evaluasi keseluruhan.
B49: untuk mengerjakan soal-soal ini. | T49: Untuk teknik Goho gunakan alat pelindung (Do).
A50: 2. | B50: Tai gamae, bentuknya : (kaisoku, hidari, migi) chudan gamae, ichiji gamae, tai gamae, hiraki gamae. | F50: 2. | G50: Teknik Bertahan : (kaisoku dachi) uwa uke, uchi uke, shita uke, uchi harai uke
A51: 3. | B51: Tai sabaki : zen tenkan, han tenkan. | F51: 3. | G51: Bertahan dengan bergerak : zenshin zuki (jun, gyaku), zenshin geri (jun, gyaku)
A52: 4. | B52: Umpo ho : chidori ashi, kani ashi, juji ashi, kumo ashi. | F52: 4. | G52: Do zuki, do geri: (kaisoku dachi) furiko zuki, keri age, (hidari mae, migi mae) jun zuki, gyaku zuki, jun geri, gyaku geri
A53: 5. | B53: Ukemi : mae ukemi, ushiro ukemi, daisharin, oten yori okiagari.
F54: 5. | G54: Kihon hokei : dilakukan dari kedua sisi kiri (10 poin) dan sisi kanan (10 poin)
A55: Catatan : Ujian teknik terdiri dari Teknik I (100 poin), Teknik II (100 poin) dan Hokei (100 poin). Setiap kategori harus 60% dari 100 poin dan juga skor total harus 70% dari 300 poin untuk lulus tes.
B57: Penguji 1 | E57: Penguji 2 | R57: Penguji 3
B61: Nama : | E61: Nama : | R61: Nama :
B62: DAN : | E62: DAN : | R62: DAN :
A64: 21
A65: =A64+1 -> 22
A66: =A65+1 -> 23
A67: =A66+1 -> 24
A68: =A67+1 -> 25
A69: =A68+1 -> 26
A70: =A69+1 -> 27
A71: =A70+1 -> 28
A72: =A71+1 -> 29
A73: =A72+1 -> 30
A75: Teknik I (100) : | F75: Teknik II (100) : | T75: Hokei So Tai (100) :
A76: 1. | B76: Etika-Tatakrama : Evaluasi selama ujian Penguji dapat menguji dengan memerintahkan peserta ujian | F76: 1. | G76: Teknik Menyerang : (kaisoku dachi) me uchi, kinteki geri, furiko zuki, keri age, (hidari mae, migi mae) jun zuki, gyaku zuki, jun geri, gyaku geri | T76: Lakukan kedua sisi untuk evaluasi keseluruhan.
B77: untuk mengerjakan soal-soal ini. | T77: Untuk teknik Goho gunakan alat pelindung (Do).
A78: 2. | B78: Tai gamae, bentuknya : (kaisoku, hidari, migi) chudan gamae, ichiji gamae, tai gamae, hiraki gamae. | F78: 2. | G78: Teknik Bertahan : (kaisoku dachi) uwa uke, uchi uke, shita uke, uchi harai uke
A79: 3. | B79: Tai sabaki : zen tenkan, han tenkan. | F79: 3. | G79: Bertahan dengan bergerak : zenshin zuki (jun, gyaku), zenshin geri (jun, gyaku)
A80: 4. | B80: Umpo ho : chidori ashi, kani ashi, juji ashi, kumo ashi. | F80: 4. | G80: Do zuki, do geri: (kaisoku dachi) furiko zuki, keri age, (hidari mae, migi mae) jun zuki, gyaku zuki, jun geri, gyaku geri
A81: 5. | B81: Ukemi : mae ukemi, ushiro ukemi, daisharin, oten yori okiagari.
F82: 5. | G82: Kihon hokei : dilakukan dari kedua sisi kiri (10 poin) dan sisi kanan (10 poin)
A83: Catatan : Ujian teknik terdiri dari Teknik I (100 poin), Teknik II (100 poin) dan Hokei (100 poin). Setiap kategori harus 60% dari 100 poin dan juga skor total harus 70% dari 300 poin untuk lulus tes.
B85: Penguji 1 | E85: Penguji 2 | R85: Penguji 3
B89: Nama : | E89: Nama : | R89: Nama :
B90: DAN : | E90: DAN : | R90: DAN :
A92: 31
A93: =A92+1 -> 32
A94: =A93+1 -> 33
A95: =A94+1 -> 34
A96: =A95+1 -> 35
A97: =A96+1 -> 36
A98: =A97+1 -> 37
A99: =A98+1 -> 38
A100: =A99+1 -> 39
A101: =A100+1 -> 40
A103: Teknik I (100) : | F103: Teknik II (100) : | T103: Hokei So Tai (100) :
A104: 1. | B104: Etika-Tatakrama : Evaluasi selama ujian Penguji dapat menguji dengan memerintahkan peserta ujian | F104: 1. | G104: Teknik Menyerang : (kaisoku dachi) me uchi, kinteki geri, furiko zuki, keri age, (hidari mae, migi mae) jun zuki, gyaku zuki, jun geri, gyaku geri | T104: Lakukan kedua sisi untuk evaluasi keseluruhan.
B105: untuk mengerjakan soal-soal ini. | T105: Untuk teknik Goho gunakan alat pelindung (Do).
A106: 2. | B106: Tai gamae, bentuknya : (kaisoku, hidari, migi) chudan gamae, ichiji gamae, tai gamae, hiraki gamae. | F106: 2. | G106: Teknik Bertahan : (kaisoku dachi) uwa uke, uchi uke, shita uke, uchi harai uke
A107: 3. | B107: Tai sabaki : zen tenkan, han tenkan. | F107: 3. | G107: Bertahan dengan bergerak : zenshin zuki (jun, gyaku), zenshin geri (jun, gyaku)
A108: 4. | B108: Umpo ho : chidori ashi, kani ashi, juji ashi, kumo ashi. | F108: 4. | G108: Do zuki, do geri: (kaisoku dachi) furiko zuki, keri age, (hidari mae, migi mae) jun zuki, gyaku zuki, jun geri, gyaku geri
A109: 5. | B109: Ukemi : mae ukemi, ushiro ukemi, daisharin, oten yori okiagari.
F110: 5. | G110: Kihon hokei : dilakukan dari kedua sisi kiri (10 poin) dan sisi kanan (10 poin)
A111: Catatan : Ujian teknik terdiri dari Teknik I (100 poin), Teknik II (100 poin) dan Hokei (100 poin). Setiap kategori harus 60% dari 100 poin dan juga skor total harus 70% dari 300 poin untuk lulus tes.
B113: Penguji 1 | E113: Penguji 2 | R113: Penguji 3
B117: Nama : | E117: Nama : | R117: Nama :
B118: DAN : | E118: DAN : | R118: DAN :
A120: 41
A121: =A120+1 -> 42
A122: =A121+1 -> 43
A123: =A122+1 -> 44
A124: =A123+1 -> 45
...

Sheet 5 KYU
A1: FORMULIR - 27
A2: FORMULIR PENILAIAN UJIAN KENAIKAN TINGKAT MENUJU KYU V (LIMA)
A3: Tanggal :
A4: NO. | B4: NAMA | C4: N.I.K | D4: DOJO / PENGKAB / PENGKOT / PENGPROV | E4: JENIS KELAMIN | F4: UMUR | G4: TEKNIK I | M4: TEKNIK II | V4: HOKEI SO TAI | AG4: Nilai Total
G5: 100 | M5: 100 | V5: 100
G6: Etika - Tata Krama | H6: Tai Gamae | I6: Tai Sabaki | J6: Umpo Ho | K6: Ukemi | L6: Sub Total | M6: Teknik Menyerang 1 | N6: Teknik Menyerang 2 | O6: Teknik Bertahan | P6: Bertahan dgn Bergerak | Q6: Do Zuki, Do Geri | R6: Tenchi ken dai ikkei (tandoku) | S6: Ryuo ken dai ikkei (tandoku) | T6: Giwa ken dai ikkei (tandoku) | U6: Sub Total | V6: Tenchi ken dai ikkei (pasangan) | W6: Ryuo ken dai ikkei (pasangan) | X6: Ryusui geri (mae) | Y6: Uwa uke zuki (ura) | Z6: Uwa uke geri (omote, ura) | AA6: Shita uke geri | AB6: Shita uke jun geri | AC6: Katate yori nuki | AD6: Maki nuki (katate) | AE6: Gyaku gote - mae yubi gatame | AF6: Sub Total
G7: 20 | H7: 20 | I7: 20 | J7: 20 | K7: 20 | L7: 100 | M7: 10 | N7: 10 | O7: 10 | P7: 10 | Q7: 10 | R7: 20 | S7: 20 | T7: 10 | U7: 100 | V7: 10 | W7: 10 | X7: 10 | Y7: 10 | Z7: 10 | AA7: 10 | AB7: 10 | AC7: 10 | AD7: 10 | AE7: 10 | AF7: 100 | AG7: 300
A8: 1
A9: =A8+1 -> 2
A10: =A9+1 -> 3
A11: =A10+1 -> 4
A12: =A11+1 -> 5
A13: =A12+1 -> 6
A14: =A13+1 -> 7
A15: =A14+1 -> 8
A16: =A15+1 -> 9
A17: =A16+1 -> 10
A19: Teknik I (100) : | F19: Teknik II (100) : | V19: Hokei So Tai (100) :
A20: 1. | B20: Etika-Tatakrama : Evaluasi selama ujian Penguji dapat menguji dengan memerintahkan peserta ujian | F20: 1. | G20: Teknik Menyerang 1 : (kaisoku dachi) me uchi, kinteki geri, furiko zuki, gedan zuki, shuto uchi, keri age, jo chu ni ren zuki. | V20: Lakukan kedua sisi untuk evaluasi keseluruhan.
B21: untuk mengerjakan soal-soal ini. | V21: Untuk teknik Goho gunakan alat pelindung (Do).
A22: 2. | B22: Tai gamae, bentuknya : (kaisoku, hidari, migi) chudan gamae, ichiji gamae, tai gamae, hiraki gamae. | F22: 2. | G22: Teknik Menyerang 2 : (hidari mae, migi mae) jun zuki, gyaku zuki, jun geri, gyaku geri, sashikomi mawashi geri.
A23: 3. | B23: Tai sabaki : zen tenkan, han tenkan.
A24: 4. | B24: Umpo ho : chidori ashi, kani ashi, juji ashi, kumo ashi. | F24: 3. | G24: Teknik Bertahan : (kaisoku dachi) uwa uke, uchi uke, shita uke, uchi harai uke
A25: 5. | B25: Ukemi : mae ukemi, ushiro ukemi, daisharin, oten yori okiagari. | F25: 4. | G25: Bertahan dengan bergerak : zenshin zuki (jun, gyaku), zenshin geri (jun, gyaku), hiraki sagatte jun geri.
F26: 5. | G26: Do zuki, do geri : (kaisoku dachi) furiko zuki, keri age, (hidari mae, migi mae) jun zuki, gyaku zuki, jun geri, gyaku geri.
A28: Catatan : Ujian teknik terdiri dari Teknik I (100 poin), Teknik II (100 poin) dan Hokei (100 poin). Setiap kategori harus 60% dari 100 poin dan juga skor total harus 70% dari 300 poin untuk lulus tes.
B30: Penguji 1 | F30: Penguji 2 | V30: Penguji 3
B34: Nama : | F34: Nama : | V34: Nama :
B35: DAN : | F35: DAN : | V35: DAN :
A37: 11
A38: =A37+1 -> 12
A39: =A38+1 -> 13
A40: =A39+1 -> 14
A41: =A40+1 -> 15
A42: =A41+1 -> 16
A43: =A42+1 -> 17
A44: =A43+1 -> 18
A45: =A44+1 -> 19
A46: =A45+1 -> 20
A47: Teknik I (100) : | F47: Teknik II (100) : | V47: Hokei So Tai (100) :
A48: 1. | B48: Etika-Tatakrama : Evaluasi selama ujian Penguji dapat menguji dengan memerintahkan peserta ujian | F48: 1. | G48: Teknik Menyerang 1 : (kaisoku dachi) me uchi, kinteki geri, furiko zuki, gedan zuki, shuto uchi, keri age, jo chu ni ren zuki. | V48: Lakukan kedua sisi untuk evaluasi keseluruhan.
B49: untuk mengerjakan soal-soal ini. | V49: Untuk teknik Goho gunakan alat pelindung (Do).
A50: 2. | B50: Tai gamae, bentuknya : (kaisoku, hidari, migi) chudan gamae, ichiji gamae, tai gamae, hiraki gamae. | F50: 2. | G50: Teknik Menyerang 2 : (hidari mae, migi mae) jun zuki, gyaku zuki, jun geri, gyaku geri, sashikomi mawashi geri.
A51: 3. | B51: Tai sabaki : zen tenkan, han tenkan.
A52: 4. | B52: Umpo ho : chidori ashi, kani ashi, juji ashi, kumo ashi. | F52: 3. | G52: Teknik Bertahan : (kaisoku dachi) uwa uke, uchi uke, shita uke, uchi harai uke
A53: 5. | B53: Ukemi : mae ukemi, ushiro ukemi, daisharin, oten yori okiagari. | F53: 4. | G53: Bertahan dengan bergerak : zenshin zuki (jun, gyaku), zenshin geri (jun, gyaku), hiraki sagatte jun geri.
F54: 5. | G54: Do zuki, do geri : (kaisoku dachi) furiko zuki, keri age, (hidari mae, migi mae) jun zuki, gyaku zuki, jun geri, gyaku geri.
A56: Catatan : Ujian teknik terdiri dari Teknik I (100 poin), Teknik II (100 poin) dan Hokei (100 poin). Setiap kategori harus 60% dari 100 poin dan juga skor total harus 70% dari 300 poin untuk lulus tes.
B58: Penguji 1 | F58: Penguji 2 | V58: Penguji 3
B62: Nama : | F62: Nama : | V62: Nama :
B63: DAN : | F63: DAN : | V63: DAN :
A65: 21
A66: =A65+1 -> 22
A67: =A66+1 -> 23
A68: =A67+1 -> 24
A69: =A68+1 -> 25
A70: =A69+1 -> 26
A71: =A70+1 -> 27
A72: =A71+1 -> 28
A73: =A72+1 -> 29
A74: =A73+1 -> 30
A75: Teknik I (100) : | F75: Teknik II (100) : | V75: Hokei So Tai (100) :
A76: 1. | B76: Etika-Tatakrama : Evaluasi selama ujian Penguji dapat menguji dengan memerintahkan peserta ujian | F76: 1. | G76: Teknik Menyerang 1 : (kaisoku dachi) me uchi, kinteki geri, furiko zuki, gedan zuki, shuto uchi, keri age, jo chu ni ren zuki. | V76: Lakukan kedua sisi untuk evaluasi keseluruhan.
B77: untuk mengerjakan soal-soal ini. | V77: Untuk teknik Goho gunakan alat pelindung (Do).
A78: 2. | B78: Tai gamae, bentuknya : (kaisoku, hidari, migi) chudan gamae, ichiji gamae, tai gamae, hiraki gamae. | F78: 2. | G78: Teknik Menyerang 2 : (hidari mae, migi mae) jun zuki, gyaku zuki, jun geri, gyaku geri, sashikomi mawashi geri.
A79: 3. | B79: Tai sabaki : zen tenkan, han tenkan.
A80: 4. | B80: Umpo ho : chidori ashi, kani ashi, juji ashi, kumo ashi. | F80: 3. | G80: Teknik Bertahan : (kaisoku dachi) uwa uke, uchi uke, shita uke, uchi harai uke
A81: 5. | B81: Ukemi : mae ukemi, ushiro ukemi, daisharin, oten yori okiagari. | F81: 4. | G81: Bertahan dengan bergerak : zenshin zuki (jun, gyaku), zenshin geri (jun, gyaku), hiraki sagatte jun geri.
F82: 5. | G82: Do zuki, do geri : (kaisoku dachi) furiko zuki, keri age, (hidari mae, migi mae) jun zuki, gyaku zuki, jun geri, gyaku geri.
A84: Catatan : Ujian teknik terdiri dari Teknik I (100 poin), Teknik II (100 poin) dan Hokei (100 poin). Setiap kategori harus 60% dari 100 poin dan juga skor total harus 70% dari 300 poin untuk lulus tes.
B86: Penguji 1 | F86: Penguji 2 | V86: Penguji 3
B90: Nama : | F90: Nama : | V90: Nama :
B91: DAN : | F91: DAN : | V91: DAN :
A93: 31
A94: =A93+1 -> 32
A95: =A94+1 -> 33
A96: =A95+1 -> 34
A97: =A96+1 -> 35
A98: =A97+1 -> 36
A99: =A98+1 -> 37
A100: =A99+1 -> 38
A101: =A100+1 -> 39
A102: =A101+1 -> 40
A103: Teknik I (100) : | F103: Teknik II (100) : | V103: Hokei So Tai (100) :
A104: 1. | B104: Etika-Tatakrama : Evaluasi selama ujian Penguji dapat menguji dengan memerintahkan peserta ujian | F104: 1. | G104: Teknik Menyerang 1 : (kaisoku dachi) me uchi, kinteki geri, furiko zuki, gedan zuki, shuto uchi, keri age, jo chu ni ren zuki. | V104: Lakukan kedua sisi untuk evaluasi keseluruhan.
B105: untuk mengerjakan soal-soal ini. | V105: Untuk teknik Goho gunakan alat pelindung (Do).
A106: 2. | B106: Tai gamae, bentuknya : (kaisoku, hidari, migi) chudan gamae, ichiji gamae, tai gamae, hiraki gamae. | F106: 2. | G106: Teknik Menyerang 2 : (hidari mae, migi mae) jun zuki, gyaku zuki, jun geri, gyaku geri, sashikomi mawashi geri.
A107: 3. | B107: Tai sabaki : zen tenkan, han tenkan.
A108: 4. | B108: Umpo ho : chidori ashi, kani ashi, juji ashi, kumo ashi. | F108: 3. | G108: Teknik Bertahan : (kaisoku dachi) uwa uke, uchi uke, shita uke, uchi harai uke
A109: 5. | B109: Ukemi : mae ukemi, ushiro ukemi, daisharin, oten yori okiagari. | F109: 4. | G109: Bertahan dengan bergerak : zenshin zuki (jun, gyaku), zenshin geri (jun, gyaku), hiraki sagatte jun geri.
F110: 5. | G110: Do zuki, do geri : (kaisoku dachi) furiko zuki, keri age, (hidari mae, migi mae) jun zuki, gyaku zuki, jun geri, gyaku geri.
A112: Catatan : Ujian teknik terdiri dari Teknik I (100 poin), Teknik II (100 poin) dan Hokei (100 poin). Setiap kategori harus 60% dari 100 poin dan juga skor total harus 70% dari 300 poin untuk lulus tes.
B114: Penguji 1 | F114: Penguji 2 | V114: Penguji 3
B118: Nama : | F118: Nama : | V118: Nama :
B119: DAN : | F119: DAN : | V119: DAN :
A121: 41
A122: =A121+1 -> 42
A123: =A122+1 -> 43
A124: =A123+1 -> 44
A125: =A124+1 -> 45
...

Sheet 4 KYU
A1: FORMULIR - 27
A2: FORMULIR PENILAIAN UJIAN KENAIKAN TINGKAT MENUJU KYU IV (EMPAT)
A3: Tanggal :
A4: NO. | B4: NAMA | C4: N.I.K | D4: DOJO / PENGKAB / PENGKOT / PENGPROV | E4: JENIS KELAMIN | F4: UMUR | G4: TEKNIK I | M4: TEKNIK II | X4: HOKEI SO TAI | AI4: Nilai Total
G5: 100 | M5: 100 | X5: 100
G6: Etika - Tata Krama | H6: Tai Gamae | I6: Tai Sabaki | J6: Umpo Ho | K6: Ukemi | L6: Sub Total | M6: Teknik Menyerang 1 | N6: Teknik Menyerang 2 | O6: Teknik Bertahan | P6: Bertahan dgn Bergerak | Q6: Bertahan & Menyerang Bergerak | R6: Tenchi ken dai ikkei & dai nikei (tandoku) | S6: Tenchi ken dai ikkei (pasangan) | T6: Ryuo ken dai ikkei (tandoku) | U6: Ryuo ken dai ikkei (pasangan) | V6: Giwa ken dai ikkei (tandoku) | W6: Sub Total | X6: Soto uke zuki (ura, omote) | Y6: Soto uke geri (ura, omote) | Z6: Uchi age zuki (ura, omote) | AA6: Uchi age geri (ura, omote) | AB6: Tsuki nuki (soto) | AC6: Tsuki nuki (uchi) | AD6: Kiri nuki (soto) | AE6: Kiri nuki (uchi) | AF6: Katate okuri gote - okuri gatame | AG6: Okuri maki tembin | AH6: Sub Total
G7: 20 | H7: 20 | I7: 20 | J7: 20 | K7: 20 | L7: 100 | M7: 10 | N7: 10 | O7: 10 | P7: 10 | Q7: 10 | R7: 10 | S7: 10 | T7: 10 | U7: 10 | V7: 10 | W7: 100 | X7: 10 | Y7: 10 | Z7: 10 | AA7: 10 | AB7: 10 | AC7: 10 | AD7: 10 | AE7: 10 | AF7: 10 | AG7: 10 | AH7: 100 | AI7: 300
A8: 1
A9: =A8+1 -> 2
A10: =A9+1 -> 3
A11: =A10+1 -> 4
A12: =A11+1 -> 5
A13: =A12+1 -> 6
A14: =A13+1 -> 7
A15: =A14+1 -> 8
A16: =A15+1 -> 9
A17: =A16+1 -> 10
A19: Teknik I (100) : | G19: Teknik II (100) : | Y19: Hokei So Tai (100) :
A20: 1. | B20: Etika-Tatakrama : Evaluasi selama ujian Penguji dapat menguji dengan memerintahkan peserta ujian | G20: 1. | H20: Teknik Menyerang 1 : (kaisoku dachi) me uchi, kinteki geri, furiko zuki, gedan zuki, shuto uchi, keri age, jo chu ni ren zuki. | Y20: Lakukan kedua sisi untuk evaluasi keseluruhan.
B21: untuk mengerjakan soal-soal ini. | Y21: Untuk teknik Goho gunakan alat pelindung (Do).
B22: (1) shuho, seiretsu, cara duduk, cara berdiri, kesshu, gassho rei | G22: 2. | H22: Teknik Menyerang 2 : (hidari mae, migi mae) jun zuki, gyaku zuki, jun geri, gyaku geri, sashikomi mawashi geri.
B23: (2) chosoku, happo moku, pakaian, sikap, tanggapan, bahasa.
A24: 2. | B24: Tai gamae : chudan gamae, hasso gamae, ichiji gamae. | G24: 3. | H24: Teknik Bertahan : (kaisoku dachi) uwa uke, uchi uke, shita uke, uchi harai uke
A25: 3. | B25: Tai sabaki : zen tenkan, han tenkan, jun sagari, hiraki sagari. | G25: 4. | H25: Bertahan dengan bergerak : zenshin zuki (jun, gyaku), zenshin geri (jun, gyaku), hiraki sagatte jun geri.
A26: 4. | B26: Umpo ho : chidori ashi, kani ashi, juji ashi, kumo ashi. | G26: 5. | H26: Do zuki, do geri : (kaisoku dachi) furiko zuki, keri age, (hidari mae, migi mae) jun zuki, gyaku zuki, jun geri, gyaku geri.
A27: 5. | B27: Ukemi : mae ukemi, ushiro ukemi, daisharin, oten yori okiagari.
A28: Catatan : Ujian teknik terdiri dari Teknik I (100 poin), Teknik II (100 poin) dan Hokei (100 poin). Setiap kategori harus 60% dari 100 poin dan juga skor total harus 70% dari 300 poin untuk lulus tes.
B30: Penguji 1 | F30: Penguji 2 | AA30: Penguji 3
B34: Nama : | F34: Nama : | AA34: Nama :
B35: DAN : | F35: DAN : | AA35: DAN :
A37: 11
A38: =A37+1 -> 12
A39: =A38+1 -> 13
A40: =A39+1 -> 14
A41: =A40+1 -> 15
A42: =A41+1 -> 16
A43: =A42+1 -> 17
A44: =A43+1 -> 18
A45: =A44+1 -> 19
A46: =A45+1 -> 20
A48: Teknik I (100) : | G48: Teknik II (100) : | Y48: Hokei So Tai (100) :
A49: 1. | B49: Etika-Tatakrama : Evaluasi selama ujian Penguji dapat menguji dengan memerintahkan peserta ujian | G49: 1. | H49: Teknik Menyerang 1 : (kaisoku dachi) me uchi, kinteki geri, furiko zuki, gedan zuki, shuto uchi, keri age, jo chu ni ren zuki. | Y49: Lakukan kedua sisi untuk evaluasi keseluruhan.
B50: untuk mengerjakan soal-soal ini. | Y50: Untuk teknik Goho gunakan alat pelindung (Do).
B51: (1) shuho, seiretsu, cara duduk, cara berdiri, kesshu, gassho rei | G51: 2. | H51: Teknik Menyerang 2 : (hidari mae, migi mae) jun zuki, gyaku zuki, jun geri, gyaku geri, sashikomi mawashi geri.
B52: (2) chosoku, happo moku, pakaian, sikap, tanggapan, bahasa.
A53: 2. | B53: Tai gamae : chudan gamae, hasso gamae, ichiji gamae. | G53: 3. | H53: Teknik Bertahan : (kaisoku dachi) uwa uke, uchi uke, shita uke, uchi harai uke
A54: 3. | B54: Tai sabaki : zen tenkan, han tenkan, jun sagari, hiraki sagari. | G54: 4. | H54: Bertahan dengan bergerak : zenshin zuki (jun, gyaku), zenshin geri (jun, gyaku), hiraki sagatte jun geri.
A55: 4. | B55: Umpo ho : chidori ashi, kani ashi, juji ashi, kumo ashi. | G55: 5. | H55: Do zuki, do geri : (kaisoku dachi) furiko zuki, keri age, (hidari mae, migi mae) jun zuki, gyaku zuki, jun geri, gyaku geri.
A56: 5. | B56: Ukemi : mae ukemi, ushiro ukemi, daisharin, oten yori okiagari.
A57: Catatan : Ujian teknik terdiri dari Teknik I (100 poin), Teknik II (100 poin) dan Hokei (100 poin). Setiap kategori harus 60% dari 100 poin dan juga skor total harus 70% dari 300 poin untuk lulus tes.
B59: Penguji 1 | F59: Penguji 2 | AA59: Penguji 3
B63: Nama : | F63: Nama : | AA63: Nama :
B64: DAN : | F64: DAN : | AA64: DAN :
A66: 21
A67: =A66+1 -> 22
A68: =A67+1 -> 23
A69: =A68+1 -> 24
A70: =A69+1 -> 25
A71: =A70+1 -> 26
A72: =A71+1 -> 27
A73: =A72+1 -> 28
A74: =A73+1 -> 29
A75: =A74+1 -> 30
A77: Teknik I (100) : | G77: Teknik II (100) : | Y77: Hokei So Tai (100) :
A78: 1. | B78: Etika-Tatakrama : Evaluasi selama ujian Penguji dapat menguji dengan memerintahkan peserta ujian | G78: 1. | H78: Teknik Menyerang 1 : (kaisoku dachi) me uchi, kinteki geri, furiko zuki, gedan zuki, shuto uchi, keri age, jo chu ni ren zuki. | Y78: Lakukan kedua sisi untuk evaluasi keseluruhan.
B79: untuk mengerjakan soal-soal ini. | Y79: Untuk teknik Goho gunakan alat pelindung (Do).
B80: (1) shuho, seiretsu, cara duduk, cara berdiri, kesshu, gassho rei | G80: 2. | H80: Teknik Menyerang 2 : (hidari mae, migi mae) jun zuki, gyaku zuki, jun geri, gyaku geri, sashikomi mawashi geri.
B81: (2) chosoku, happo moku, pakaian, sikap, tanggapan, bahasa.
A82: 2. | B82: Tai gamae : chudan gamae, hasso gamae, ichiji gamae. | G82: 3. | H82: Teknik Bertahan : (kaisoku dachi) uwa uke, uchi uke, shita uke, uchi harai uke
A83: 3. | B83: Tai sabaki : zen tenkan, han tenkan, jun sagari, hiraki sagari. | G83: 4. | H83: Bertahan dengan bergerak : zenshin zuki (jun, gyaku), zenshin geri (jun, gyaku), hiraki sagatte jun geri.
A84: 4. | B84: Umpo ho : chidori ashi, kani ashi, juji ashi, kumo ashi. | G84: 5. | H84: Do zuki, do geri : (kaisoku dachi) furiko zuki, keri age, (hidari mae, migi mae) jun zuki, gyaku zuki, jun geri, gyaku geri.
A85: 5. | B85: Ukemi : mae ukemi, ushiro ukemi, daisharin, oten yori okiagari.
A86: Catatan : Ujian teknik terdiri dari Teknik I (100 poin), Teknik II (100 poin) dan Hokei (100 poin). Setiap kategori harus 60% dari 100 poin dan juga skor total harus 70% dari 300 poin untuk lulus tes.
B88: Penguji 1 | F88: Penguji 2 | AA88: Penguji 3
B92: Nama : | F92: Nama : | AA92: Nama :
B93: DAN : | F93: DAN : | AA93: DAN :
A95: 31
A96: =A95+1 -> 32
A97: =A96+1 -> 33
A98: =A97+1 -> 34
A99: =A98+1 -> 35
A100: =A99+1 -> 36
A101: =A100+1 -> 37
A102: =A101+1 -> 38
A103: =A102+1 -> 39
A104: =A103+1 -> 40
A106: Teknik I (100) : | G106: Teknik II (100) : | Y106: Hokei So Tai (100) :
A107: 1. | B107: Etika-Tatakrama : Evaluasi selama ujian Penguji dapat menguji dengan memerintahkan peserta ujian | G107: 1. | H107: Teknik Menyerang 1 : (kaisoku dachi) me uchi, kinteki geri, furiko zuki, gedan zuki, shuto uchi, keri age, jo chu ni ren zuki. | Y107: Lakukan kedua sisi untuk evaluasi keseluruhan.
B108: untuk mengerjakan soal-soal ini. | Y108: Untuk teknik Goho gunakan alat pelindung (Do).
B109: (1) shuho, seiretsu, cara duduk, cara berdiri, kesshu, gassho rei | G109: 2. | H109: Teknik Menyerang 2 : (hidari mae, migi mae) jun zuki, gyaku zuki, jun geri, gyaku geri, sashikomi mawashi geri.
B110: (2) chosoku, happo moku, pakaian, sikap, tanggapan, bahasa.
A111: 2. | B111: Tai gamae : chudan gamae, hasso gamae, ichiji gamae. | G111: 3. | H111: Teknik Bertahan : (kaisoku dachi) uwa uke, uchi uke, shita uke, uchi harai uke
A112: 3. | B112: Tai sabaki : zen tenkan, han tenkan, jun sagari, hiraki sagari. | G112: 4. | H112: Bertahan dengan bergerak : zenshin zuki (jun, gyaku), zenshin geri (jun, gyaku), hiraki sagatte jun geri.
A113: 4. | B113: Umpo ho : chidori ashi, kani ashi, juji ashi, kumo ashi. | G113: 5. | H113: Do zuki, do geri : (kaisoku dachi) furiko zuki, keri age, (hidari mae, migi mae) jun zuki, gyaku zuki, jun geri, gyaku geri.
A114: 5. | B114: Ukemi : mae ukemi, ushiro ukemi, daisharin, oten yori okiagari.
A115: Catatan : Ujian teknik terdiri dari Teknik I (100 poin), Teknik II (100 poin) dan Hokei (100 poin). Setiap kategori harus 60% dari 100 poin dan juga skor total harus 70% dari 300 poin untuk lulus tes.
B117: Penguji 1 | F117: Penguji 2 | AA117: Penguji 3
B121: Nama : | F121: Nama : | AA121: Nama :
B122: DAN : | F122: DAN : | AA122: DAN :
A124: 41
...

Sheet 3 KYU
A1: FORMULIR - 27
A2: FORMULIR PENILAIAN UJIAN KENAIKAN TINGKAT MENUJU KYU III (TIGA)
A3: Tanggal :
A4: NO. | B4: NAMA | C4: N.I.K | D4: DOJO / PENGKAB / PENGKOT / PENGPROV | E4: JENIS KELAMIN | F4: UMUR | G4: TEKNIK DASAR | N4: TEKNIK PILIHAN | X4: KUMI EMBU | Z4: Nilai Total A | AB4: PENERAPAN TEKNIK | AD4: Nilai Total B | AE4: Nilai Total
G5: 100 | N5: 100 | AB5: 100
G6: Tai Gamae-Tai Sabaki-Umpo Ho | H6: Ukemi | I6: Teknik Menyerang | J6: Teknik Bertahan | K6: Bertahan & Menyerang Bergerak | L6: Ken (tandoku) | M6: Ken (so tai) | N6: Goho (50) | S6: Juho (50) | X6: 100 | AB6: Goho (50) | AC6: Juho (50)
X7: Ketepatan | Y7: Penampilan | AB7: Bertahan, serangan balasan, semangat, sikap, bertahan dan menyerang bergantian | AC7: Bertahan, serangan balasan, semangat, sikap, bertahan dan menyerang bergantian
G8: 10 | H8: 10 | I8: 10 | J8: 10 | K8: 10 | L8: 40 | M8: 10 | N8: 10 | O8: 10 | P8: 10 | Q8: 10 | R8: 10 | S8: 10 | T8: 10 | U8: 10 | V8: 10 | W8: 10 | X8: 60 | Y8: 40 | Z8: 300 | AB8: 50 | AC8: 50 | AD8: 100 | AE8: 400
A9: 1
A10: =A9+1 -> 2
A11: =A10+1 -> 3
A12: =A11+1 -> 4
A13: =A12+1 -> 5
A14: =A13+1 -> 6
A15: =A14+1 -> 7
A16: =A15+1 -> 8
A17: =A16+1 -> 9
A18: =A17+1 -> 10
A19: TEKNIK DASAR (100) : | N19: KUMI EMBU (100) : | AB19: Penyerang & bertahan ditentukan Penguji.
A20: 1. | B20: Tai gamae : chudan gamae, hasso gamae, ichiji gamae | D20: 6. Kihon hokei (solo) : tenchi ken dai ikkei sampai dai yonkei (kiri, kanan) | N20: 1. | O20: Tenchi ken dai ikkei (so tai)
B21: Tai sabaki : zen tenkan, han tenkan, jun sagari, hiraki sagari | D21: ryuo ken dai ikkei (kiri, kanan), giwa ken dai nikei | N21: 2. | O21: Ryusui geri (ushiro) | AB21: Goho
B22: Umpo ho : chidori ashi, kani ashi, juji ashi, kumo ashi | D22: 7. Kihon hokei (pasangan) : tenchi ken dai ikkei, giwa ken dai ikkei. | N22: 3. | O22: Ryote yori nuki | AB22: Penyerang : serangan tunggal/ganda, zuki/keri.
A23: 2. | B23: Ukemi : mae ukemi, ushiro ukemi, daisharin, oten yori okiagari | N23: 4. | O23: Ryuo ken dai ikkei (so tai) | AB23: Bertahan : merespon dengan serangan balasan.
A24: 3. | B24: Teknik Menyerang : (kaisoku dachi) furiko zuki, shuto uchi, kumade zuki, keri age (kiri, kanan) jo chu ni ren zuki, jo chu mawashi geri, sashikomi mawashi geri, sashikae sokuto geri | N24: 5. | O24: Uwa uke zuki (omote)
D25: TEKNIK PILIHAN (100) : | N25: 6. | O25: Gyaku gote ~ mae yubi gatame | AB25: Juho
AB26: Penyerang : memegang pergelangan/lengan.
A27: 4. | B27: Teknik Bertahan : kaisoku dachi, bertahan dengan serangan balik masuk ( ), uwa uke (tsuki), uchi uke (tsuki), shita uke (keri), soto uke (tsuki), uchi age uke (keri), uchi harai uke (keri) | D27: Catatan untuk Teknik Pilihan: | N27: Catatan untuk Kumi Embu: | AB27: Bertahan : teknik ryuo ken, ryuka ken & rakan ken.
D28: Paling sedikit 3 teknik masing-masing goho & juho merupakan waza Kyu 3. | N28: Seorang peserta ujian menampilkan (1), (3), (5)
D29: Teknik dilakukan dari sisi kanan & sisi kiri. | N29: & peserta lain menampilkan (2), (4), (6)
A30: 5. | B30: Bertahan dan Menyerang saat Bergerak : zenshin zuki (jun, gyaku), zenshin geri (jun, gyaku), hiraki sagatte jun geri | N30: Penguji menentukan siapa yang memulai terlebih dahulu.
A32: (1) Ujian teknik terdiri dari Kategori A [Teknik Dasar (100), Teknik Pilihan (100), Kumi Embu (100), dan Kategori B [Penerapan Teknik (100)]. Total Kategori A harus 70% dari 300 poin dan Kategori B harus 70% dari 100 poin untuk lulus ujian.
A33: (2) Jika Kategori A atau B kurang dari 70% dari 300 poin, hasilnya adalah Tidak Lulus. Meskipun total Kategori A mencapai skor kelulusan, jika salah satu teknik dasar, teknik pilihan atau kumi embu tidak mencapai 60% dari 100 poin, hasil ujiannya tidak lulus.
B35: Penguji 1 | F35: Penguji 2 | Y35: Penguji 3
B39: Nama : | F39: Nama : | Y39: Nama :
B40: DAN : | F40: DAN : | Y40: DAN :
A42: 11
A43: =A42+1 -> 12
A44: =A43+1 -> 13
A45: =A44+1 -> 14
A46: =A45+1 -> 15
A47: =A46+1 -> 16
A48: =A47+1 -> 17
A49: =A48+1 -> 18
A50: =A49+1 -> 19
A51: =A50+1 -> 20
A52: TEKNIK DASAR (100) : | N52: KUMI EMBU (100) : | AB52: Penyerang & bertahan ditentukan Penguji.
A53: 1. | B53: Tai gamae : chudan gamae, hasso gamae, ichiji gamae | D53: 6. Kihon hokei (solo) : tenchi ken dai ikkei sampai dai yonkei (kiri, kanan) | N53: 1. | O53: Tenchi ken dai ikkei (so tai)
B54: Tai sabaki : zen tenkan, han tenkan, jun sagari, hiraki sagari | D54: ryuo ken dai ikkei (kiri, kanan), giwa ken dai nikei | N54: 2. | O54: Ryusui geri (ushiro) | AB54: Goho
B55: Umpo ho : chidori ashi, kani ashi, juji ashi, kumo ashi | D55: 7. Kihon hokei (pasangan) : tenchi ken dai ikkei, giwa ken dai ikkei. | N55: 3. | O55: Ryote yori nuki | AB55: Penyerang : serangan tunggal/ganda, zuki/keri.
A56: 2. | B56: Ukemi : mae ukemi, ushiro ukemi, daisharin, oten yori okiagari | N56: 4. | O56: Ryuo ken dai ikkei (so tai) | AB56: Bertahan : merespon dengan serangan balasan.
A57: 3. | B57: Teknik Menyerang : (kaisoku dachi) furiko zuki, shuto uchi, kumade zuki, keri age (kiri, kanan) jo chu ni ren zuki, jo chu mawashi geri, sashikomi mawashi geri, sashikae sokuto geri | N57: 5. | O57: Uwa uke zuki (omote)
D58: TEKNIK PILIHAN (100) : | N58: 6. | O58: Gyaku gote ~ mae yubi gatame | AB58: Juho
AB59: Penyerang : memegang pergelangan/lengan.
A60: 4. | B60: Teknik Bertahan : kaisoku dachi, bertahan dengan serangan balik masuk ( ), uwa uke (tsuki), uchi uke (tsuki), shita uke (keri), soto uke (tsuki), uchi age uke (keri), uchi harai uke (keri) | D60: Catatan untuk Teknik Pilihan: | N60: Catatan untuk Kumi Embu: | AB60: Bertahan : teknik ryuo ken, ryuka ken & rakan ken.
D61: Paling sedikit 3 teknik masing-masing goho & juho merupakan waza Kyu 3. | N61: Seorang peserta ujian menampilkan (1), (3), (5)
D62: Teknik dilakukan dari sisi kanan & sisi kiri. | N62: & peserta lain menampilkan (2), (4), (6)
A63: 5. | B63: Bertahan dan Menyerang saat Bergerak : zenshin zuki (jun, gyaku), zenshin geri (jun, gyaku), hiraki sagatte jun geri | N63: Penguji menentukan siapa yang memulai terlebih dahulu.
A65: (1) Ujian teknik terdiri dari Kategori A [Teknik Dasar (100), Teknik Pilihan (100), Kumi Embu (100), dan Kategori B [Penerapan Teknik (100)]. Total Kategori A harus 70% dari 300 poin dan Kategori B harus 70% dari 300 poin untuk lulus ujian.
A66: (2) Jika Kategori A atau B kurang dari 70% dari 300 poin, hasilnya adalah Tidak Lulus. Meskipun total Kategori A mencapai skor kelulusan, jika salah satu teknik dasar, teknik pilihan atau kumi embu tidak mencapai 60% dari 100 poin, hasil ujiannya tidak lulus.
B68: Penguji 1 | F68: Penguji 2 | Y68: Penguji 3
B72: Nama : | F72: Nama : | Y72: Nama :
B73: DAN : | F73: DAN : | Y73: DAN :
A75: 21
A76: =A75+1 -> 22
A77: =A76+1 -> 23
A78: =A77+1 -> 24
A79: =A78+1 -> 25
A80: =A79+1 -> 26
A81: =A80+1 -> 27
A82: =A81+1 -> 28
A83: =A82+1 -> 29
A84: =A83+1 -> 30
A85: TEKNIK DASAR (100) : | N85: KUMI EMBU (100) : | AB85: Penyerang & bertahan ditentukan Penguji.
A86: 1. | B86: Tai gamae : chudan gamae, hasso gamae, ichiji gamae | D86: 6. Kihon hokei (solo) : tenchi ken dai ikkei sampai dai yonkei (kiri, kanan) | N86: 1. | O86: Tenchi ken dai ikkei (so tai)
B87: Tai sabaki : zen tenkan, han tenkan, jun sagari, hiraki sagari | D87: ryuo ken dai ikkei (kiri, kanan), giwa ken dai nikei | N87: 2. | O87: Ryusui geri (ushiro) | AB87: Goho
B88: Umpo ho : chidori ashi, kani ashi, juji ashi, kumo ashi | D88: 7. Kihon hokei (pasangan) : tenchi ken dai ikkei, giwa ken dai ikkei. | N88: 3. | O88: Ryote yori nuki | AB88: Penyerang : serangan tunggal/ganda, zuki/keri.
A89: 2. | B89: Ukemi : mae ukemi, ushiro ukemi, daisharin, oten yori okiagari | N89: 4. | O89: Ryuo ken dai ikkei (so tai) | AB89: Bertahan : merespon dengan serangan balasan.
A90: 3. | B90: Teknik Menyerang : (kaisoku dachi) furiko zuki, shuto uchi, kumade zuki, keri age (kiri, kanan) jo chu ni ren zuki, jo chu mawashi geri, sashikomi mawashi geri, sashikae sokuto geri | N90: 5. | O90: Uwa uke zuki (omote)
D91: TEKNIK PILIHAN (100) : | N91: 6. | O91: Gyaku gote ~ mae yubi gatame | AB91: Juho
AB92: Penyerang : memegang pergelangan/lengan.
A93: 4. | B93: Teknik Bertahan : kaisoku dachi, bertahan dengan serangan balik masuk ( ), uwa uke (tsuki), uchi uke (tsuki), shita uke (keri), soto uke (tsuki), uchi age uke (keri), uchi harai uke (keri) | D93: Catatan untuk Teknik Pilihan: | N93: Catatan untuk Kumi Embu: | AB93: Bertahan : teknik ryuo ken, ryuka ken & rakan ken.
D94: Paling sedikit 3 teknik masing-masing goho & juho merupakan waza Kyu 3. | N94: Seorang peserta ujian menampilkan (1), (3), (5)
D95: Teknik dilakukan dari sisi kanan & sisi kiri. | N95: & peserta lain menampilkan (2), (4), (6)
A96: 5. | B96: Bertahan dan Menyerang saat Bergerak : zenshin zuki (jun, gyaku), zenshin geri (jun, gyaku), hiraki sagatte jun geri | N96: Penguji menentukan siapa yang memulai terlebih dahulu.
A98: (1) Ujian teknik terdiri dari Kategori A [Teknik Dasar (100), Teknik Pilihan (100), Kumi Embu (100), dan Kategori B [Penerapan Teknik (100)]. Total Kategori A harus 70% dari 300 poin dan Kategori B harus 70% dari 300 poin untuk lulus ujian.
A99: (2) Jika Kategori A atau B kurang dari 70% dari 300 poin, hasilnya adalah Tidak Lulus. Meskipun total Kategori A mencapai skor kelulusan, jika salah satu teknik dasar, teknik pilihan atau kumi embu tidak mencapai 60% dari 100 poin, hasil ujiannya tidak lulus.
B101: Penguji 1 | F101: Penguji 2 | Y101: Penguji 3
B105: Nama : | F105: Nama : | Y105: Nama :
B106: DAN : | F106: DAN : | Y106: DAN :
A108: 31
A109: =A108+1 -> 32
A110: =A109+1 -> 33
A111: =A110+1 -> 34
A112: =A111+1 -> 35
A113: =A112+1 -> 36
A114: =A113+1 -> 37
A115: =A114+1 -> 38
A116: =A115+1 -> 39
A117: =A116+1 -> 40
A118: TEKNIK DASAR (100) : | N118: KUMI EMBU (100) : | AB118: Penyerang & bertahan ditentukan Penguji.
...

Sheet 3 KYU (Hal 2)
A1: FORMULIR - 27
A2: PENILAIAN KUMI EMBU (PAIRED EMBU) MENUJU KYU III (TIGA)
A3: Tanggal :
A4: NO | B4: NAMA | C4: Ketepatan (60) | J4: Penampilan (40) | O4: Total Embu | Q4: Catatan Penguji
C5: Goho: Serangan, pertahanan, serangan balasan, 5 elemen atemi, dll. Juho: Bertahan, menghindar, melepas, menekuk pergelangan, bantingan, kuncian | I5: Sub Total | J5: 1. Komposisi, Irama dan Moderasi | K5: 2. Kuda-kuda, sikap dan keindahan | L5: 3. Kihaku (semangat), Kiai, Sae (jelas) | M5: 4. Chosoku (pernafasan), Mekubari (Perhatian), dan Zanshin | N5: Sub Total
C7: 1 | D7: 2 | E7: 3 | F7: 4 | G7: 5 | H7: 6 | J7: 1 | K7: 2 | L7: 3 | M7: 4
C8: 10 | D8: 10 | E8: 10 | F8: 10 | G8: 10 | H8: 10 | I8: 60 | J8: 10 | K8: 10 | L8: 10 | M8: 10 | N8: 40 | O8: 100
A9: 1 | B9: ='3 KYU'!B9 -> 0 | R9: Fokus Penilaian Penguji
A10: 2 | B10: ='3 KYU'!B10 -> 0 | Q10: Ketepatan | R10: Penilaian setiap komposisi dengan titik fokus yang tercantum di bawah ini. - Goho: serangan, pertahanan, serangan balasan, 5 elemen atemi, dll. - Juho: shuho, nuki-waza, gyaku-waza, katame-waza, masing-masing prinsip, dll. Evaluasi tidak hanya kecepatan atau tampilan yang menarik, tetapi lihat apakah elemen-elemen tekniknya disusun dengan benar dan prinsip-prinsip diterapkan, untuk mengevaluasi esensi teknik tersebut. Lihat juga apakah gerakannya memiliki unsur bela diri dan masuk akal dari sudut pandang bela diri.
A11: 3 | B11: ='3 KYU'!B11 -> 0
A12: 4 | B12: ='3 KYU'!B12 -> 0
A13: 5 | B13: ='3 KYU'!B13 -> 0
A14: 6 | B14: ='3 KYU'!B14 -> 0
A15: 7 | B15: ='3 KYU'!B15 -> 0 | Q15: Penampilan | R15: 1 | S15: Komposisi, Irama, dan Moderasi | Y15: 1. Terdiri dari teknik sesuai dengan tingkatannya. 2. Tidak ada keraguan dalam melakukan rangkaian tehnik. 3. Tidak ada gerakan yang tidak perlu pada perubahan posisi dan gerakan, dll.
A16: 8 | B16: ='3 KYU'!B16 -> 0
A17: 9 | B17: ='3 KYU'!B17 -> 0
A18: 10 | B18: ='3 KYU'!B18 -> 0
A19: Embu Berpasangan | G19: Perhatian! | R19: 2 | S19: Kuda-kuda, sikap, dan keindahan | Y19: 1. Relaks 2. Postur tubuh yang baik 3. Posisi kaki, posisi pinggul rendah, posisi kepalan tangan baik dan tangan ditekan ke samping.
A20: 1. | B20: Tenchi ken dai ikkei (so tai) | G20: - Seorang peserta ujian menampilkan (1), (3), (5)
A21: 2. | B21: Ryusui geri (ushiro) | G21: & peserta lain menampilkan (2), (4), (6)
A22: 3. | B22: Ryote yori nuki | G22: - Penguji menentukan siapa yang memulai terlebih dahulu.
A23: 4. | B23: Ryuo ken dai ikkei (so tai) | G23: - Penguji mengevaluasi setiap peserta ujian. | R23: 3 | S23: Kihaku (semangat), Kiai, Sae (jelas) | Y23: 1.Terlihat, kihaku (bersemangat) 2. Kecepatan, kekuatan, kime, dll.
A24: 5. | B24: Uwa uke zuki (omote) | G24: - Jika peserta ujian tidak mengingat urutan embu dan penguji harus memberitahunya, setiap pemberitahuan mengurangi 2 poin dari komposisi, irama dan moderasi.
A25: 5. | B25: Gyaku gote ~ mae yubi gatame
R26: 4 | S26: Chosoku (pernafasan), Mekubari (Perhatian), dan Zanshin | Y26: 1. Ada tidak ada gangguan pernapasan. 2. Tatapan mata pada lawan. 3. Kesiapan fisik dan mental setelah teknik, dll.
B31: Penguji 1 | J31: Penguji 2 | W31: Penguji 3
B35: Nama : | J35: Nama : | W35: Nama :
B36: DAN : | J36: DAN : | W36: DAN :
A38: 11 | B38: ='3 KYU'!B42 -> 0 | R38: Fokus Penilaian Penguji
A39: =A38+1 -> 12 | B39: ='3 KYU'!B43 -> 0 | Q39: Ketepatan | R39: Penilaian setiap komposisi dengan titik fokus yang tercantum di bawah ini. - Goho: serangan, pertahanan, serangan balasan, 5 elemen atemi, dll. - Juho: shuho, nuki-waza, gyaku-waza, katame-waza, masing-masing prinsip, dll. Evaluasi tidak hanya kecepatan atau tampilan yang menarik, tetapi lihat apakah elemen-elemen tekniknya disusun dengan benar dan prinsip-prinsip diterapkan, untuk mengevaluasi esensi teknik tersebut. Lihat juga apakah gerakannya memiliki unsur bela diri dan masuk akal dari sudut pandang bela diri.
A40: =A39+1 -> 13 | B40: ='3 KYU'!B44 -> 0
A41: =A40+1 -> 14 | B41: ='3 KYU'!B45 -> 0
A42: =A41+1 -> 15 | B42: ='3 KYU'!B46 -> 0
A43: =A42+1 -> 16 | B43: ='3 KYU'!B47 -> 0
A44: =A43+1 -> 17 | B44: ='3 KYU'!B48 -> 0 | Q44: Penampilan | R44: 1 | S44: Komposisi, Irama, dan Moderasi | Y44: 1. Terdiri dari teknik sesuai dengan tingkatannya. 2. Tidak ada keraguan dalam melakukan rangkaian tehnik. 3. Tidak ada gerakan yang tidak perlu pada perubahan posisi dan gerakan, dll.
A45: =A44+1 -> 18 | B45: ='3 KYU'!B49 -> 0
A46: =A45+1 -> 19 | B46: ='3 KYU'!B50 -> 0
A47: =A46+1 -> 20 | B47: ='3 KYU'!B51 -> 0
A48: Embu Berpasangan | G48: Perhatian! | R48: 2 | S48: Kuda-kuda, sikap, dan keindahan | Y48: 1. Relaks 2. Postur tubuh yang baik 3. Posisi kaki, posisi pinggul rendah, posisi kepalan tangan baik dan tangan ditekan ke samping.
A49: 1. | B49: Tenchi ken dai ikkei (so tai) | G49: - Seorang peserta ujian menampilkan (1), (3), (5)
A50: 2. | B50: Ryusui geri (ushiro) | G50: & peserta lain menampilkan (2), (4), (6)
A51: 3. | B51: Ryote yori nuki | G51: - Penguji menentukan siapa yang memulai terlebih dahulu.
A52: 4. | B52: Ryuo ken dai ikkei (so tai) | G52: - Penguji mengevaluasi setiap peserta ujian. | R52: 3 | S52: Kihaku (semangat), Kiai, Sae (jelas) | Y52: 1.Terlihat, kihaku (bersemangat) 2. Kecepatan, kekuatan, kime, dll.
A53: 5. | B53: Uwa uke zuki (omote) | G53: - Jika peserta ujian tidak mengingat urutan embu dan penguji harus memberitahunya, setiap pemberitahuan mengurangi 2 poin dari komposisi, irama dan moderasi.
A54: 5. | B54: Gyaku gote ~ mae yubi gatame
R55: 4 | S55: Chosoku (pernafasan), Mekubari (Perhatian), dan Zanshin | Y55: 1. Ada tidak ada gangguan pernapasan. 2. Tatapan mata pada lawan. 3. Kesiapan fisik dan mental setelah teknik, dll.
B60: Penguji 1 | J60: Penguji 2 | W60: Penguji 3
B64: Nama : | J64: Nama : | W64: Nama :
B65: DAN : | J65: DAN : | W65: DAN :
A67: 21 | B67: ='3 KYU'!B75 -> 0 | R67: Fokus Penilaian Penguji
A68: =A67+1 -> 22 | B68: ='3 KYU'!B76 -> 0 | Q68: Ketepatan | R68: Penilaian setiap komposisi dengan titik fokus yang tercantum di bawah ini. - Goho: serangan, pertahanan, serangan balasan, 5 elemen atemi, dll. - Juho: shuho, nuki-waza, gyaku-waza, katame-waza, masing-masing prinsip, dll. Evaluasi tidak hanya kecepatan atau tampilan yang menarik, tetapi lihat apakah elemen-elemen tekniknya disusun dengan benar dan prinsip-prinsip diterapkan, untuk mengevaluasi esensi teknik tersebut. Lihat juga apakah gerakannya memiliki unsur bela diri dan masuk akal dari sudut pandang bela diri.
A69: =A68+1 -> 23 | B69: ='3 KYU'!B77 -> 0
A70: =A69+1 -> 24 | B70: ='3 KYU'!B78 -> 0
A71: =A70+1 -> 25 | B71: ='3 KYU'!B79 -> 0
A72: =A71+1 -> 26 | B72: ='3 KYU'!B80 -> 0
A73: =A72+1 -> 27 | B73: ='3 KYU'!B81 -> 0 | Q73: Penampilan | R73: 1 | S73: Komposisi, Irama, dan Moderasi | Y73: 1. Terdiri dari teknik sesuai dengan tingkatannya. 2. Tidak ada keraguan dalam melakukan rangkaian tehnik. 3. Tidak ada gerakan yang tidak perlu pada perubahan posisi dan gerakan, dll.
A74: =A73+1 -> 28 | B74: ='3 KYU'!B82 -> 0
A75: =A74+1 -> 29 | B75: ='3 KYU'!B83 -> 0
A76: =A75+1 -> 30 | B76: ='3 KYU'!B84 -> 0
A77: Embu Berpasangan | G77: Perhatian! | R77: 2 | S77: Kuda-kuda, sikap, dan keindahan | Y77: 1. Relaks 2. Postur tubuh yang baik 3. Posisi kaki, posisi pinggul rendah, posisi kepalan tangan baik dan tangan ditekan ke samping.
A78: 1. | B78: Tenchi ken dai ikkei (so tai) | G78: - Seorang peserta ujian menampilkan (1), (3), (5)
A79: 2. | B79: Ryusui geri (ushiro) | G79: & peserta lain menampilkan (2), (4), (6)
A80: 3. | B80: Ryote yori nuki | G80: - Penguji menentukan siapa yang memulai terlebih dahulu.
A81: 4. | B81: Ryuo ken dai ikkei (so tai) | G81: - Penguji mengevaluasi setiap peserta ujian. | R81: 3 | S81: Kihaku (semangat), Kiai, Sae (jelas) | Y81: 1.Terlihat, kihaku (bersemangat) 2. Kecepatan, kekuatan, kime, dll.
A82: 5. | B82: Uwa uke zuki (omote) | G82: - Jika peserta ujian tidak mengingat urutan embu dan penguji harus memberitahunya, setiap pemberitahuan mengurangi 2 poin dari komposisi, irama dan moderasi.
A83: 5. | B83: Gyaku gote ~ mae yubi gatame
R84: 4 | S84: Chosoku (pernafasan), Mekubari (Perhatian), dan Zanshin | Y84: 1. Ada tidak ada gangguan pernapasan. 2. Tatapan mata pada lawan. 3. Kesiapan fisik dan mental setelah teknik, dll.
B89: Penguji 1 | J89: Penguji 2 | W89: Penguji 3
B93: Nama : | J93: Nama : | W93: Nama :
B94: DAN : | J94: DAN : | W94: DAN :
A96: 31 | B96: ='3 KYU'!B108 -> 0 | R96: Fokus Penilaian Penguji
A97: =A96+1 -> 32 | B97: ='3 KYU'!B109 -> 0 | Q97: Ketepatan | R97: Penilaian setiap komposisi dengan titik fokus yang tercantum di bawah ini. - Goho: serangan, pertahanan, serangan balasan, 5 elemen atemi, dll. - Juho: shuho, nuki-waza, gyaku-waza, katame-waza, masing-masing prinsip, dll. Evaluasi tidak hanya kecepatan atau tampilan yang menarik, tetapi lihat apakah elemen-elemen tekniknya disusun dengan benar dan prinsip-prinsip diterapkan, untuk mengevaluasi esensi teknik tersebut. Lihat juga apakah gerakannya memiliki unsur bela diri dan masuk akal dari sudut pandang bela diri.
A98: =A97+1 -> 33 | B98: ='3 KYU'!B110 -> 0
A99: =A98+1 -> 34 | B99: ='3 KYU'!B111 -> 0
A100: =A99+1 -> 35 | B100: ='3 KYU'!B112 -> 0
A101: =A100+1 -> 36 | B101: ='3 KYU'!B113 -> 0
A102: =A101+1 -> 37 | B102: ='3 KYU'!B114 -> 0 | Q102: Penampilan | R102: 1 | S102: Komposisi, Irama, dan Moderasi | Y102: 1. Terdiri dari teknik sesuai dengan tingkatannya. 2. Tidak ada keraguan dalam melakukan rangkaian tehnik. 3. Tidak ada gerakan yang tidak perlu pada perubahan posisi dan gerakan, dll.
A103: =A102+1 -> 38 | B103: ='3 KYU'!B115 -> 0
A104: =A103+1 -> 39 | B104: ='3 KYU'!B116 -> 0
A105: =A104+1 -> 40 | B105: ='3 KYU'!B117 -> 0
A106: Embu Berpasangan | G106: Perhatian! | R106: 2 | S106: Kuda-kuda, sikap, dan keindahan | Y106: 1. Relaks 2. Postur tubuh yang baik 3. Posisi kaki, posisi pinggul rendah, posisi kepalan tangan baik dan tangan ditekan ke samping.
A107: 1. | B107: Tenchi ken dai ikkei (so tai) | G107: - Seorang peserta ujian menampilkan (1), (3), (5)
A108: 2. | B108: Ryusui geri (ushiro) | G108: & peserta lain menampilkan (2), (4), (6)
A109: 3. | B109: Ryote yori nuki | G109: - Penguji menentukan siapa yang memulai terlebih dahulu.
A110: 4. | B110: Ryuo ken dai ikkei (so tai) | G110: - Penguji mengevaluasi setiap peserta ujian. | R110: 3 | S110: Kihaku (semangat), Kiai, Sae (jelas) | Y110: 1.Terlihat, kihaku (bersemangat) 2. Kecepatan, kekuatan, kime, dll.
A111: 5. | B111: Uwa uke zuki (omote) | G111: - Jika peserta ujian tidak mengingat urutan embu dan penguji harus memberitahunya, setiap pemberitahuan mengurangi 2 poin dari komposisi, irama dan moderasi.
A112: 5. | B112: Gyaku gote ~ mae yubi gatame
R113: 4 | S113: Chosoku (pernafasan), Mekubari (Perhatian), dan Zanshin | Y113: 1. Ada tidak ada gangguan pernapasan. 2. Tatapan mata pada lawan. 3. Kesiapan fisik dan mental setelah teknik, dll.
B118: Penguji 1 | J118: Penguji 2 | W118: Penguji 3
B122: Nama : | J122: Nama : | W122: Nama :
B123: DAN : | J123: DAN : | W123: DAN :
A125: 41 | B125: ='3 KYU'!B141 -> 0 | R125: Fokus Penilaian Penguji
A126: =A125+1 -> 42 | B126: ='3 KYU'!B142 -> 0 | Q126: Ketepatan | R126: Penilaian setiap komposisi dengan titik fokus yang tercantum di bawah ini. - Goho: serangan, pertahanan, serangan balasan, 5 elemen atemi, dll. - Juho: shuho, nuki-waza, gyaku-waza, katame-waza, masing-masing prinsip, dll. Evaluasi tidak hanya kecepatan atau tampilan yang menarik, tetapi lihat apakah elemen-elemen tekniknya disusun dengan benar dan prinsip-prinsip diterapkan, untuk mengevaluasi esensi teknik tersebut. Lihat juga apakah gerakannya memiliki unsur bela diri dan masuk akal dari sudut pandang bela diri.
A127: =A126+1 -> 43 | B127: ='3 KYU'!B143 -> 0
A128: =A127+1 -> 44 | B128: ='3 KYU'!B144 -> 0
A129: =A128+1 -> 45 | B129: ='3 KYU'!B145 -> 0
A130: =A129+1 -> 46 | B130: ='3 KYU'!B146 -> 0
A131: =A130+1 -> 47 | B131: ='3 KYU'!B147 -> 0 | Q131: Penampilan | R131: 1 | S131: Komposisi, Irama, dan Moderasi | Y131: 1. Terdiri dari teknik sesuai dengan tingkatannya. 2. Tidak ada keraguan dalam melakukan rangkaian tehnik. 3. Tidak ada gerakan yang tidak perlu pada perubahan posisi dan gerakan, dll.
A132: =A131+1 -> 48 | B132: ='3 KYU'!B148 -> 0
A133: =A132+1 -> 49 | B133: ='3 KYU'!B149 -> 0
...

Sheet 2 KYU
A1: FORMULIR - 27
A2: FORMULIR PENILAIAN UJIAN KENAIKAN TINGKAT MENUJU KYU II (DUA)
A3: Tanggal :
A4: NO. | B4: NAMA | C4: N.I.K | D4: DOJO / PENGKAB / PENGKOT / PENGPROV | E4: JENIS KELAMIN | F4: UMUR | G4: TEKNIK DASAR | N4: TEKNIK PILIHAN | X4: KUMI EMBU | Z4: Nilai Total A | AB4: PENERAPAN TEKNIK | AD4: Nilai Total B | AE4: Nilai Total
G5: 100 | N5: 100 | AB5: 100
G6: Tai Gamae-Tai Sabaki-Umpo Ho | H6: Ukemi | I6: Teknik Menyerang | J6: Teknik Bertahan | K6: Bertahan & Menyerang Bergerak | L6: Ken (tandoku) | M6: Ken (so tai) | N6: Goho (50) | S6: Juho (50) | X6: 100 | AB6: Goho (50) | AC6: Juho (50)
X7: Ketepatan | Y7: Penampilan | AB7: Bertahan, serangan balasan, semangat, sikap, bertahan dan menyerang bergantian | AC7: Bertahan, serangan balasan, semangat, sikap, bertahan dan menyerang bergantian
G8: 10 | H8: 10 | I8: 10 | J8: 10 | K8: 10 | L8: 40 | M8: 10 | N8: 10 | O8: 10 | P8: 10 | Q8: 10 | R8: 10 | S8: 10 | T8: 10 | U8: 10 | V8: 10 | W8: 10 | X8: 60 | Y8: 40 | Z8: 300 | AB8: 50 | AC8: 50 | AD8: 100 | AE8: 400
A9: 1
A10: =A9+1 -> 2
A11: =A10+1 -> 3
A12: =A11+1 -> 4
A13: =A12+1 -> 5
A14: =A13+1 -> 6
A15: =A14+1 -> 7
A16: =A15+1 -> 8
A17: =A16+1 -> 9
A18: =A17+1 -> 10
A19: TEKNIK DASAR (100) : | N19: KUMI EMBU (100) : | AB19: Penyerang & bertahan ditentukan Penguji.
A20: 1. | B20: Tai gamae : chudan gamae, hasso gamae, ichiji gamae | D20: shita uke, jo chu ni ren zuki, ren uke (pasangan). | N20: 1. | O20: Tsuki ten ichi ren han ko
B21: Tai sabaki : zen tenkan, han tenkan, jun sagari, hiraki sagari | D21: 6. Kihon hokei (solo) : tenchi ken dai ikkei sampai dai yonkei (kiri, kanan) | N21: 2. | O21: Han tenshin geri ren han ko | AB21: Goho
B22: Umpo ho : chidori ashi, kani ashi, juji ashi, kumo ashi | D22: ryuo ken dai ikkei (hidari, migi), giwa ken dai nikei | N22: 3. | O22: Okuri gote (katate) ~ okuri yoko tembin ~ ura gatame | AB22: Penyerang : serangan tunggal/ganda, zuki/keri.
A23: 2. | B23: Ukemi : mae ukemi, ushiro ukemi, daisharin, oten yori okiagari | D23: 7. Kihon hokei (pasangan) : tenchi ken dai ikkei, giwa ken dai ikkei. | N23: 4. | O23: Kiri gote (katate) | AB23: Bertahan : merespon dengan serangan balasan.
A24: 3. | B24: Teknik Menyerang : (kaisoku dachi) furiko zuki, shuto uchi, kumade zuki, keri age (kiri, kanan) jo chu ni ren zuki, jo chu mawashi geri, sashikomi mawashi geri, sashikae sokuto geri | N24: 5. | O24: Tenchi ken dai nikei (so tai)
N25: 6. | O25: Johaku dori (ryote) | AB25: Juho
D26: TEKNIK PILIHAN (100) : | AB26: Penyerang : memegang pergelangan/lengan.
A27: 4. | B27: Teknik Bertahan : kaisoku dachi, bertahan dengan serangan balik masuk ( ), uwa uke (tsuki), uchi uke (tsuki), shita uke (keri), soto uke (tsuki), uchi age uke (keri), uchi harai uke (keri) | N27: Catatan untuk Kumi Embu: | AB27: Bertahan : teknik ryuo ken, ryuka ken & rakan ken.
D28: Catatan untuk Teknik Pilihan: | N28: Seorang peserta ujian menampilkan (1), (3), (5)
D29: Paling sedikit 3 teknik masing-masing goho & juho merupakan waza Kyu 2. | N29: & peserta lain menampilkan (2), (4), (6)
A30: 5. | B30: Bertahan dan Menyerang saat Bergerak : zenshin zuki (jun, gyaku), zenshin geri (jun, gyaku), hiraki sagatte jun geri (solo), chudan zuki, | D30: Teknik dilakukan dari sisi kanan & sisi kiri. | N30: Penguji menentukan siapa yang memulai terlebih dahulu.
A32: (1) Ujian teknik terdiri dari Kategori A [Teknik Dasar (100), Teknik Pilihan (100), Kumi Embu (100), dan Kategori B [Penerapan Teknik (100)]. Total Kategori A harus 70% dari 300 poin dan Kategori B harus 70% dari 300 poin untuk lulus ujian.
A33: (2) Jika Kategori A atau B kurang dari 70% dari 300 poin, hasilnya adalah Tidak Lulus. Meskipun total Kategori A mencapai skor kelulusan, jika salah satu teknik dasar, teknik pilihan atau kumi embu tidak mencapai 60% dari 100 poin, hasil ujiannya tidak lulus.
B35: Penguji 1 | F35: Penguji 2 | Y35: Penguji 3
B39: Nama : | F39: Nama : | Y39: Nama :
B40: DAN : | F40: DAN : | Y40: DAN :
A42: 11
A43: =A42+1 -> 12
A44: =A43+1 -> 13
A45: =A44+1 -> 14
A46: =A45+1 -> 15
A47: =A46+1 -> 16
A48: =A47+1 -> 17
A49: =A48+1 -> 18
A50: =A49+1 -> 19
A51: =A50+1 -> 20
A52: TEKNIK DASAR (100) : | N52: KUMI EMBU (100) : | AB52: Penyerang & bertahan ditentukan Penguji.
A53: 1. | B53: Tai gamae : chudan gamae, hasso gamae, ichiji gamae | D53: shita uke, jo chu ni ren zuki, ren uke (pasangan). | N53: 1. | O53: Tsuki ten ichi ren han ko
B54: Tai sabaki : zen tenkan, han tenkan, jun sagari, hiraki sagari | D54: 6. Kihon hokei (solo) : tenchi ken dai ikkei sampai dai yonkei (kiri, kanan) | N54: 2. | O54: Han tenshin geri ren han ko | AB54: Goho
B55: Umpo ho : chidori ashi, kani ashi, juji ashi, kumo ashi | D55: ryuo ken dai ikkei (hidari, migi), giwa ken dai nikei | N55: 3. | O55: Okuri gote (katate) ~ okuri yoko tembin ~ ura gatame | AB55: Penyerang : serangan tunggal/ganda, zuki/keri.
A56: 2. | B56: Ukemi : mae ukemi, ushiro ukemi, daisharin, oten yori okiagari | D56: 7. Kihon hokei (pasangan) : tenchi ken dai ikkei, giwa ken dai ikkei. | N56: 4. | O56: Kiri gote (katate) | AB56: Bertahan : merespon dengan serangan balasan.
A57: 3. | B57: Teknik Menyerang : (kaisoku dachi) furiko zuki, shuto uchi, kumade zuki, keri age (kiri, kanan) jo chu ni ren zuki, jo chu mawashi geri, sashikomi mawashi geri, sashikae sokuto geri | N57: 5. | O57: Tenchi ken dai nikei (so tai)
N58: 6. | O58: Johaku dori (ryote) | AB58: Juho
D59: TEKNIK PILIHAN (100) : | AB59: Penyerang : memegang pergelangan/lengan.
A60: 4. | B60: Teknik Bertahan : kaisoku dachi, bertahan dengan serangan balik masuk ( ), uwa uke (tsuki), uchi uke (tsuki), shita uke (keri), soto uke (tsuki), uchi age uke (keri), uchi harai uke (keri) | N60: Catatan untuk Kumi Embu: | AB60: Bertahan : teknik ryuo ken, ryuka ken & rakan ken.
D61: Catatan untuk Teknik Pilihan: | N61: Seorang peserta ujian menampilkan (1), (3), (5)
D62: Paling sedikit 3 teknik masing-masing goho & juho merupakan waza Kyu 2. | N62: & peserta lain menampilkan (2), (4), (6)
A63: 5. | B63: Bertahan dan Menyerang saat Bergerak : zenshin zuki (jun, gyaku), zenshin geri (jun, gyaku), hiraki sagatte jun geri (solo), chudan zuki, | D63: Teknik dilakukan dari sisi kanan & sisi kiri. | N63: Penguji menentukan siapa yang memulai terlebih dahulu.
A65: (1) Ujian teknik terdiri dari Kategori A [Teknik Dasar (100), Teknik Pilihan (100), Kumi Embu (100), dan Kategori B [Penerapan Teknik (100)]. Total Kategori A harus 70% dari 300 poin dan Kategori B harus 70% dari 300 poin untuk lulus ujian.
A66: (2) Jika Kategori A atau B kurang dari 70% dari 300 poin, hasilnya adalah Tidak Lulus. Meskipun total Kategori A mencapai skor kelulusan, jika salah satu teknik dasar, teknik pilihan atau kumi embu tidak mencapai 60% dari 100 poin, hasil ujiannya tidak lulus.
B68: Penguji 1 | F68: Penguji 2 | Y68: Penguji 3
B72: Nama : | F72: Nama : | Y72: Nama :
B73: DAN : | F73: DAN : | Y73: DAN :
A75: 21
A76: =A75+1 -> 22
A77: =A76+1 -> 23
A78: =A77+1 -> 24
A79: =A78+1 -> 25
A80: =A79+1 -> 26
A81: =A80+1 -> 27
A82: =A81+1 -> 28
A83: =A82+1 -> 29
A84: =A83+1 -> 30
A85: TEKNIK DASAR (100) : | N85: KUMI EMBU (100) : | AB85: Penyerang & bertahan ditentukan Penguji.
A86: 1. | B86: Tai gamae : chudan gamae, hasso gamae, ichiji gamae | D86: shita uke, jo chu ni ren zuki, ren uke (pasangan). | N86: 1. | O86: Tsuki ten ichi ren han ko
B87: Tai sabaki : zen tenkan, han tenkan, jun sagari, hiraki sagari | D87: 6. Kihon hokei (solo) : tenchi ken dai ikkei sampai dai yonkei (kiri, kanan) | N87: 2. | O87: Han tenshin geri ren han ko | AB87: Goho
B88: Umpo ho : chidori ashi, kani ashi, juji ashi, kumo ashi | D88: ryuo ken dai ikkei (hidari, migi), giwa ken dai nikei | N88: 3. | O88: Okuri gote (katate) ~ okuri yoko tembin ~ ura gatame | AB88: Penyerang : serangan tunggal/ganda, zuki/keri.
A89: 2. | B89: Ukemi : mae ukemi, ushiro ukemi, daisharin, oten yori okiagari | D89: 7. Kihon hokei (pasangan) : tenchi ken dai ikkei, giwa ken dai ikkei. | N89: 4. | O89: Kiri gote (katate) | AB89: Bertahan : merespon dengan serangan balasan.
A90: 3. | B90: Teknik Menyerang : (kaisoku dachi) furiko zuki, shuto uchi, kumade zuki, keri age (kiri, kanan) jo chu ni ren zuki, jo chu mawashi geri, sashikomi mawashi geri, sashikae sokuto geri | N90: 5. | O90: Tenchi ken dai nikei (so tai)
N91: 6. | O91: Johaku dori (ryote) | AB91: Juho
D92: TEKNIK PILIHAN (100) : | AB92: Penyerang : memegang pergelangan/lengan.
A93: 4. | B93: Teknik Bertahan : kaisoku dachi, bertahan dengan serangan balik masuk ( ), uwa uke (tsuki), uchi uke (tsuki), shita uke (keri), soto uke (tsuki), uchi age uke (keri), uchi harai uke (keri) | N93: Catatan untuk Kumi Embu: | AB93: Bertahan : teknik ryuo ken, ryuka ken & rakan ken.
D94: Catatan untuk Teknik Pilihan: | N94: Seorang peserta ujian menampilkan (1), (3), (5)
D95: Paling sedikit 3 teknik masing-masing goho & juho merupakan waza Kyu 2. | N95: & peserta lain menampilkan (2), (4), (6)
A96: 5. | B96: Bertahan dan Menyerang saat Bergerak : zenshin zuki (jun, gyaku), zenshin geri (jun, gyaku), hiraki sagatte jun geri (solo), chudan zuki, | D96: Teknik dilakukan dari sisi kanan & sisi kiri. | N96: Penguji menentukan siapa yang memulai terlebih dahulu.
A98: (1) Ujian teknik terdiri dari Kategori A [Teknik Dasar (100), Teknik Pilihan (100), Kumi Embu (100), dan Kategori B [Penerapan Teknik (100)]. Total Kategori A harus 70% dari 300 poin dan Kategori B harus 70% dari 300 poin untuk lulus ujian.
A99: (2) Jika Kategori A atau B kurang dari 70% dari 300 poin, hasilnya adalah Tidak Lulus. Meskipun total Kategori A mencapai skor kelulusan, jika salah satu teknik dasar, teknik pilihan atau kumi embu tidak mencapai 60% dari 100 poin, hasil ujiannya tidak lulus.
B101: Penguji 1 | F101: Penguji 2 | Y101: Penguji 3
B105: Nama : | F105: Nama : | Y105: Nama :
B106: DAN : | F106: DAN : | Y106: DAN :
A108: 31
A109: =A108+1 -> 32
A110: =A109+1 -> 33
A111: =A110+1 -> 34
A112: =A111+1 -> 35
A113: =A112+1 -> 36
A114: =A113+1 -> 37
A115: =A114+1 -> 38
A116: =A115+1 -> 39
A117: =A116+1 -> 40
A118: TEKNIK DASAR (100) : | N118: KUMI EMBU (100) : | AB118: Penyerang & bertahan ditentukan Penguji.
...

Sheet 2 KYU (Hal 2)
A1: FORMULIR - 27
A2: PENILAIAN KUMI EMBU (PAIRED EMBU) MENUJU KYU II (DUA)
A3: Tanggal :
A4: NO | B4: NAMA | C4: Ketepatan (60) | J4: Penampilan (40) | O4: Total Embu | Q4: Catatan Penguji
C5: Goho: Serangan, pertahanan, serangan balasan, 5 elemen atemi, dll. Juho: Bertahan, menghindar, melepas, menekuk pergelangan, bantingan, kuncian | I5: Sub Total | J5: 1. Komposisi, Irama dan Moderasi | K5: 2. Kuda-kuda, sikap dan keindahan | L5: 3. Kihaku (semangat), Kiai, Sae (jelas) | M5: 4. Chosoku (pernafasan), Mekubari (Perhatian), dan Zanshin | N5: Sub Total
C7: 1 | D7: 2 | E7: 3 | F7: 4 | G7: 5 | H7: 6 | J7: 1 | K7: 2 | L7: 3 | M7: 4
C8: 10 | D8: 10 | E8: 10 | F8: 10 | G8: 10 | H8: 10 | I8: 60 | J8: 10 | K8: 10 | L8: 10 | M8: 10 | N8: 40 | O8: 100
A9: 1 | B9: ='2 KYU'!B9 -> 0 | R9: Fokus Penilaian Penguji
A10: 2 | B10: ='2 KYU'!B10 -> 0 | Q10: Ketepatan | R10: Penilaian setiap komposisi dengan titik fokus yang tercantum di bawah ini. - Goho: serangan, pertahanan, serangan balasan, 5 elemen atemi, dll. - Juho: shuho, nuki-waza, gyaku-waza, katame-waza, masing-masing prinsip, dll. Evaluasi tidak hanya kecepatan atau tampilan yang menarik, tetapi lihat apakah elemen-elemen tekniknya disusun dengan benar dan prinsip-prinsip diterapkan, untuk mengevaluasi esensi teknik tersebut. Lihat juga apakah gerakannya memiliki unsur bela diri dan masuk akal dari sudut pandang bela diri.
A11: 3 | B11: ='2 KYU'!B11 -> 0
A12: 4 | B12: ='2 KYU'!B12 -> 0
A13: 5 | B13: ='2 KYU'!B13 -> 0
A14: 6 | B14: ='2 KYU'!B14 -> 0
A15: 7 | B15: ='2 KYU'!B15 -> 0 | Q15: Penampilan | R15: 1 | S15: Komposisi, Irama, dan Moderasi | Y15: 1. Terdiri dari teknik sesuai dengan tingkatannya. 2. Tidak ada keraguan dalam melakukan rangkaian tehnik. 3. Tidak ada gerakan yang tidak perlu pada perubahan posisi dan gerakan, dll.
A16: 8 | B16: ='2 KYU'!B16 -> 0
A17: 9 | B17: ='2 KYU'!B17 -> 0
A18: 10 | B18: ='2 KYU'!B18 -> 0
A19: Embu Berpasangan | G19: Perhatian! | R19: 2 | S19: Kuda-kuda, sikap, dan keindahan | Y19: 1. Relaks 2. Postur tubuh yang baik 3. Posisi kaki, posisi pinggul rendah, posisi kepalan tangan baik dan tangan ditekan ke samping.
A20: 1. | B20: Tsuki ten ichi ren han ko | G20: - Seorang peserta ujian menampilkan (1), (3), (5)
A21: 2. | B21: Han tenshin geri ren han ko | G21: & peserta lain menampilkan (2), (4), (6)
A22: 3. | B22: Okuri gote (katate) ~ okuri yoko tembin ~ ura gatame | G22: - Penguji menentukan siapa yang memulai terlebih dahulu.
A23: 4. | B23: Kiri gote (katate) | G23: - Penguji mengevaluasi setiap peserta ujian. | R23: 3 | S23: Kihaku (semangat), Kiai, Sae (jelas) | Y23: 1.Terlihat, kihaku (bersemangat) 2. Kecepatan, kekuatan, kime, dll.
A24: 5. | B24: Tenchi ken dai nikei (so tai) | G24: - Jika peserta ujian tidak mengingat urutan embu dan penguji harus memberitahunya, setiap pemberitahuan mengurangi 2 poin dari komposisi, irama dan moderasi.
A25: 6. | B25: Johaku dori (ryote)
R26: 4 | S26: Chosoku (pernafasan), Mekubari (Perhatian), dan Zanshin | Y26: 1. Ada tidak ada gangguan pernapasan. 2. Tatapan mata pada lawan. 3. Kesiapan fisik dan mental setelah teknik, dll.
B31: Penguji 1 | J31: Penguji 2 | W31: Penguji 3
B35: Nama : | J35: Nama : | W35: Nama :
B36: DAN : | J36: DAN : | W36: DAN :
A38: 11 | B38: ='2 KYU'!B42 -> 0 | R38: Fokus Penilaian Penguji
A39: =A38+1 -> 12 | B39: ='2 KYU'!B43 -> 0 | Q39: Ketepatan | R39: Penilaian setiap komposisi dengan titik fokus yang tercantum di bawah ini. - Goho: serangan, pertahanan, serangan balasan, 5 elemen atemi, dll. - Juho: shuho, nuki-waza, gyaku-waza, katame-waza, masing-masing prinsip, dll. Evaluasi tidak hanya kecepatan atau tampilan yang menarik, tetapi lihat apakah elemen-elemen tekniknya disusun dengan benar dan prinsip-prinsip diterapkan, untuk mengevaluasi esensi teknik tersebut. Lihat juga apakah gerakannya memiliki unsur bela diri dan masuk akal dari sudut pandang bela diri.
A40: =A39+1 -> 13 | B40: ='2 KYU'!B44 -> 0
A41: =A40+1 -> 14 | B41: ='2 KYU'!B45 -> 0
A42: =A41+1 -> 15 | B42: ='2 KYU'!B46 -> 0
A43: =A42+1 -> 16 | B43: ='2 KYU'!B47 -> 0
A44: =A43+1 -> 17 | B44: ='2 KYU'!B48 -> 0 | Q44: Penampilan | R44: 1 | S44: Komposisi, Irama, dan Moderasi | Y44: 1. Terdiri dari teknik sesuai dengan tingkatannya. 2. Tidak ada keraguan dalam melakukan rangkaian tehnik. 3. Tidak ada gerakan yang tidak perlu pada perubahan posisi dan gerakan, dll.
A45: =A44+1 -> 18 | B45: ='2 KYU'!B49 -> 0
A46: =A45+1 -> 19 | B46: ='2 KYU'!B50 -> 0
A47: =A46+1 -> 20 | B47: ='2 KYU'!B51 -> 0
A48: Embu Berpasangan | G48: Perhatian! | R48: 2 | S48: Kuda-kuda, sikap, dan keindahan | Y48: 1. Relaks 2. Postur tubuh yang baik 3. Posisi kaki, posisi pinggul rendah, posisi kepalan tangan baik dan tangan ditekan ke samping.
A49: 1. | B49: Tsuki ten ichi ren han ko | G49: - Seorang peserta ujian menampilkan (1), (3), (5)
A50: 2. | B50: Han tenshin geri ren han ko | G50: & peserta lain menampilkan (2), (4), (6)
A51: 3. | B51: Okuri gote (katate) ~ okuri yoko tembin ~ ura gatame | G51: - Penguji menentukan siapa yang memulai terlebih dahulu.
A52: 4. | B52: Kiri gote (katate) | G52: - Penguji mengevaluasi setiap peserta ujian. | R52: 3 | S52: Kihaku (semangat), Kiai, Sae (jelas) | Y52: 1.Terlihat, kihaku (bersemangat) 2. Kecepatan, kekuatan, kime, dll.
A53: 5. | B53: Tenchi ken dai nikei (so tai) | G53: - Jika peserta ujian tidak mengingat urutan embu dan penguji harus memberitahunya, setiap pemberitahuan mengurangi 2 poin dari komposisi, irama dan moderasi.
A54: 6. | B54: Johaku dori (ryote)
R55: 4 | S55: Chosoku (pernafasan), Mekubari (Perhatian), dan Zanshin | Y55: 1. Ada tidak ada gangguan pernapasan. 2. Tatapan mata pada lawan. 3. Kesiapan fisik dan mental setelah teknik, dll.
B60: Penguji 1 | J60: Penguji 2 | W60: Penguji 3
B64: Nama : | J64: Nama : | W64: Nama :
B65: DAN : | J65: DAN : | W65: DAN :
A67: 21 | B67: ='2 KYU'!B75 -> 0 | R67: Fokus Penilaian Penguji
A68: =A67+1 -> 22 | B68: ='2 KYU'!B76 -> 0 | Q68: Ketepatan | R68: Penilaian setiap komposisi dengan titik fokus yang tercantum di bawah ini. - Goho: serangan, pertahanan, serangan balasan, 5 elemen atemi, dll. - Juho: shuho, nuki-waza, gyaku-waza, katame-waza, masing-masing prinsip, dll. Evaluasi tidak hanya kecepatan atau tampilan yang menarik, tetapi lihat apakah elemen-elemen tekniknya disusun dengan benar dan prinsip-prinsip diterapkan, untuk mengevaluasi esensi teknik tersebut. Lihat juga apakah gerakannya memiliki unsur bela diri dan masuk akal dari sudut pandang bela diri.
A69: =A68+1 -> 23 | B69: ='2 KYU'!B77 -> 0
A70: =A69+1 -> 24 | B70: ='2 KYU'!B78 -> 0
A71: =A70+1 -> 25 | B71: ='2 KYU'!B79 -> 0
A72: =A71+1 -> 26 | B72: ='2 KYU'!B80 -> 0
A73: =A72+1 -> 27 | B73: ='2 KYU'!B81 -> 0 | Q73: Penampilan | R73: 1 | S73: Komposisi, Irama, dan Moderasi | Y73: 1. Terdiri dari teknik sesuai dengan tingkatannya. 2. Tidak ada keraguan dalam melakukan rangkaian tehnik. 3. Tidak ada gerakan yang tidak perlu pada perubahan posisi dan gerakan, dll.
A74: =A73+1 -> 28 | B74: ='2 KYU'!B82 -> 0
A75: =A74+1 -> 29 | B75: ='2 KYU'!B83 -> 0
A76: =A75+1 -> 30 | B76: ='2 KYU'!B84 -> 0
A77: Embu Berpasangan | G77: Perhatian! | R77: 2 | S77: Kuda-kuda, sikap, dan keindahan | Y77: 1. Relaks 2. Postur tubuh yang baik 3. Posisi kaki, posisi pinggul rendah, posisi kepalan tangan baik dan tangan ditekan ke samping.
A78: 1. | B78: Tsuki ten ichi ren han ko | G78: - Seorang peserta ujian menampilkan (1), (3), (5)
A79: 2. | B79: Han tenshin geri ren han ko | G79: & peserta lain menampilkan (2), (4), (6)
A80: 3. | B80: Okuri gote (katate) ~ okuri yoko tembin ~ ura gatame | G80: - Penguji menentukan siapa yang memulai terlebih dahulu.
A81: 4. | B81: Kiri gote (katate) | G81: - Penguji mengevaluasi setiap peserta ujian. | R81: 3 | S81: Kihaku (semangat), Kiai, Sae (jelas) | Y81: 1.Terlihat, kihaku (bersemangat) 2. Kecepatan, kekuatan, kime, dll.
A82: 5. | B82: Tenchi ken dai nikei (so tai) | G82: - Jika peserta ujian tidak mengingat urutan embu dan penguji harus memberitahunya, setiap pemberitahuan mengurangi 2 poin dari komposisi, irama dan moderasi.
A83: 6. | B83: Johaku dori (ryote)
R84: 4 | S84: Chosoku (pernafasan), Mekubari (Perhatian), dan Zanshin | Y84: 1. Ada tidak ada gangguan pernapasan. 2. Tatapan mata pada lawan. 3. Kesiapan fisik dan mental setelah teknik, dll.
B89: Penguji 1 | J89: Penguji 2 | W89: Penguji 3
B93: Nama : | J93: Nama : | W93: Nama :
B94: DAN : | J94: DAN : | W94: DAN :
A96: 31 | B96: ='2 KYU'!B108 -> 0 | R96: Fokus Penilaian Penguji
A97: =A96+1 -> 32 | B97: ='2 KYU'!B109 -> 0 | Q97: Ketepatan | R97: Penilaian setiap komposisi dengan titik fokus yang tercantum di bawah ini. - Goho: serangan, pertahanan, serangan balasan, 5 elemen atemi, dll. - Juho: shuho, nuki-waza, gyaku-waza, katame-waza, masing-masing prinsip, dll. Evaluasi tidak hanya kecepatan atau tampilan yang menarik, tetapi lihat apakah elemen-elemen tekniknya disusun dengan benar dan prinsip-prinsip diterapkan, untuk mengevaluasi esensi teknik tersebut. Lihat juga apakah gerakannya memiliki unsur bela diri dan masuk akal dari sudut pandang bela diri.
A98: =A97+1 -> 33 | B98: ='2 KYU'!B110 -> 0
A99: =A98+1 -> 34 | B99: ='2 KYU'!B111 -> 0
A100: =A99+1 -> 35 | B100: ='2 KYU'!B112 -> 0
A101: =A100+1 -> 36 | B101: ='2 KYU'!B113 -> 0
A102: =A101+1 -> 37 | B102: ='2 KYU'!B114 -> 0 | Q102: Penampilan | R102: 1 | S102: Komposisi, Irama, dan Moderasi | Y102: 1. Terdiri dari teknik sesuai dengan tingkatannya. 2. Tidak ada keraguan dalam melakukan rangkaian tehnik. 3. Tidak ada gerakan yang tidak perlu pada perubahan posisi dan gerakan, dll.
A103: =A102+1 -> 38 | B103: ='2 KYU'!B115 -> 0
A104: =A103+1 -> 39 | B104: ='2 KYU'!B116 -> 0
A105: =A104+1 -> 40 | B105: ='2 KYU'!B117 -> 0
A106: Embu Berpasangan | G106: Perhatian! | R106: 2 | S106: Kuda-kuda, sikap, dan keindahan | Y106: 1. Relaks 2. Postur tubuh yang baik 3. Posisi kaki, posisi pinggul rendah, posisi kepalan tangan baik dan tangan ditekan ke samping.
A107: 1. | B107: Tsuki ten ichi ren han ko | G107: - Seorang peserta ujian menampilkan (1), (3), (5)
A108: 2. | B108: Han tenshin geri ren han ko | G108: & peserta lain menampilkan (2), (4), (6)
A109: 3. | B109: Okuri gote (katate) ~ okuri yoko tembin ~ ura gatame | G109: - Penguji menentukan siapa yang memulai terlebih dahulu.
A110: 4. | B110: Kiri gote (katate) | G110: - Penguji mengevaluasi setiap peserta ujian. | R110: 3 | S110: Kihaku (semangat), Kiai, Sae (jelas) | Y110: 1.Terlihat, kihaku (bersemangat) 2. Kecepatan, kekuatan, kime, dll.
A111: 5. | B111: Tenchi ken dai nikei (so tai) | G111: - Jika peserta ujian tidak mengingat urutan embu dan penguji harus memberitahunya, setiap pemberitahuan mengurangi 2 poin dari komposisi, irama dan moderasi.
A112: 6. | B112: Johaku dori (ryote)
R113: 4 | S113: Chosoku (pernafasan), Mekubari (Perhatian), dan Zanshin | Y113: 1. Ada tidak ada gangguan pernapasan. 2. Tatapan mata pada lawan. 3. Kesiapan fisik dan mental setelah teknik, dll.
B118: Penguji 1 | J118: Penguji 2 | W118: Penguji 3
B122: Nama : | J122: Nama : | W122: Nama :
B123: DAN : | J123: DAN : | W123: DAN :
A125: 41 | B125: ='2 KYU'!B141 -> 0 | R125: Fokus Penilaian Penguji
A126: =A125+1 -> 42 | B126: ='2 KYU'!B142 -> 0 | Q126: Ketepatan | R126: Penilaian setiap komposisi dengan titik fokus yang tercantum di bawah ini. - Goho: serangan, pertahanan, serangan balasan, 5 elemen atemi, dll. - Juho: shuho, nuki-waza, gyaku-waza, katame-waza, masing-masing prinsip, dll. Evaluasi tidak hanya kecepatan atau tampilan yang menarik, tetapi lihat apakah elemen-elemen tekniknya disusun dengan benar dan prinsip-prinsip diterapkan, untuk mengevaluasi esensi teknik tersebut. Lihat juga apakah gerakannya memiliki unsur bela diri dan masuk akal dari sudut pandang bela diri.
A127: =A126+1 -> 43 | B127: ='2 KYU'!B143 -> 0
A128: =A127+1 -> 44 | B128: ='2 KYU'!B144 -> 0
A129: =A128+1 -> 45 | B129: ='2 KYU'!B145 -> 0
A130: =A129+1 -> 46 | B130: ='2 KYU'!B146 -> 0
A131: =A130+1 -> 47 | B131: ='2 KYU'!B147 -> 0 | Q131: Penampilan | R131: 1 | S131: Komposisi, Irama, dan Moderasi | Y131: 1. Terdiri dari teknik sesuai dengan tingkatannya. 2. Tidak ada keraguan dalam melakukan rangkaian tehnik. 3. Tidak ada gerakan yang tidak perlu pada perubahan posisi dan gerakan, dll.
A132: =A131+1 -> 48 | B132: ='2 KYU'!B148 -> 0
A133: =A132+1 -> 49 | B133: ='2 KYU'!B149 -> 0
...

Sheet 1 KYU
A1: FORMULIR - 27
A2: FORMULIR PENILAIAN KENAIKAN TINGKAT MENUJU KYU I (SATU)
A3: Tanggal :
A4: NO. | B4: NAMA | C4: N.I.K | D4: DOJO / PENGKAB / PENGKOT / PENGPROV | E4: JENIS KELAMIN | F4: UMUR | G4: TEKNIK DASAR | N4: TEKNIK PILIHAN | X4: KUMI EMBU | Z4: Nilai Total A | AB4: PENERAPAN TEKNIK | AD4: Nilai Total B | AE4: Nilai Total
G5: 100 | N5: 100 | AB5: 100
G6: Tai Gamae-Tai Sabaki-Umpo Ho | H6: Ukemi | I6: Teknik Menyerang | J6: Teknik Bertahan | K6: Bertahan & Menyerang Bergerak | L6: Ken (tandoku) | M6: Ken (so tai) | N6: Goho (50) | S6: Juho (50) | X6: 100 | AB6: Goho (50) | AC6: Juho (50)
X7: Ketepatan | Y7: Penampilan | AB7: Bertahan, serangan balasan, semangat, sikap, bertahan dan menyerang bergantian | AC7: Bertahan, serangan balasan, semangat, sikap, bertahan dan menyerang bergantian
G8: 10 | H8: 10 | I8: 10 | J8: 10 | K8: 10 | L8: 40 | M8: 10 | N8: 10 | O8: 10 | P8: 10 | Q8: 10 | R8: 10 | S8: 10 | T8: 10 | U8: 10 | V8: 10 | W8: 10 | X8: 60 | Y8: 40 | Z8: 300 | AB8: 50 | AC8: 50 | AD8: 100 | AE8: 400
A9: 1
A10: =A9+1 -> 2
A11: =A10+1 -> 3
A12: =A11+1 -> 4
A13: =A12+1 -> 5
A14: =A13+1 -> 6
A15: =A14+1 -> 7
A16: =A15+1 -> 8
A17: =A16+1 -> 9
A18: =A17+1 -> 10
A19: TEKNIK DASAR (100) : | N19: KUMI EMBU (100) : | AB19: Penyerang & bertahan ditentukan Penguji.
A20: 1. | B20: Tai gamae : chudan gamae, hasso gamae, ichiji gamae | D20: shita uke, jo chu ni ren zuki, ren uke (pasangan). | N20: 1. | O20: Tsubame gaeshi ren han ko
B21: Tai sabaki : zen tenkan, han tenkan, jun sagari, hiraki sagari | D21: 6. Kihon hokei (solo) : tenchi ken dai ikkei sampai dai yonkei (kiri, kanan) | N21: 2. | O21: Soto oshi uke zuki ren han ko | AB21: Goho
B22: Umpo ho : chidori ashi, kani ashi, juji ashi, kumo ashi | D22: ryuo ken dai ikkei (hidari, migi), giwa ken dai nikei | N22: 3. | O22: Eri juji | AB22: Penyerang : tsuki & keri ke arah jodan & chudan
A23: 2. | B23: Ukemi : mae ukemi, ushiro ukemi, daisharin, oten yori okiagari | D23: 7. Kihon hokei (pasangan) : tenchi ken dai ikkei, giwa ken dai ikkei | N23: 4. | O23: Sode maki | AB23: Bertahan : merespon dengan serangan balasan.
A24: 3. | B24: Teknik Menyerang : (kaisoku dachi) furiko zuki, shuto uchi, kumade zuki, keri age (kiri, kanan) jo chu ni ren zuki, jo chu mawashi geri, sashikomi mawashi geri, sashikae sokuto geri | N24: 5. | O24: Tsuki ten san ren han ko
N25: 6. | O25: Maki gote (morote) ~ tembin gatame (ura) | AB25: Juho
D26: TEKNIK PILIHAN (100) : | AB26: Penyerang : memegang pergelangan/lengan.
A27: 4. | B27: Teknik Bertahan : kaisoku dachi, bertahan dengan serangan balik masuk ( ), uwa uke (tsuki), uchi uke (tsuki), shita uke (keri), soto uke (tsuki), uchi age uke (keri), uchi harai uke (keri) | N27: Catatan untuk Kumi Embu: | AB27: Bertahan : teknik gyaku atau nuki.
D28: Catatan untuk Teknik Pilihan: | N28: Seorang peserta ujian menampilkan (1), (3), (5)
D29: Paling sedikit 3 teknik masing-masing goho & juho merupakan waza Kyu 1. | N29: & peserta lain menampilkan (2), (4), (6)
A30: 5. | B30: Bertahan dan Menyerang saat Bergerak : zenshin zuki (jun, gyaku), zenshin geri (jun, gyaku), hiraki sagatte jun geri (solo), chudan zuki, | D30: Teknik dilakukan dari sisi kanan & sisi kiri. | N30: Penguji menentukan siapa yang memulai terlebih dahulu.
A32: (1) Ujian teknik terdiri dari Kategori A [Teknik Dasar (100), Teknik Pilihan (100), Kumi Embu (100), dan Kategori B [Penerapan Teknik (100)]. Total Kategori A harus 70% dari 300 poin dan Kategori B harus 70% dari 300 poin untuk lulus ujian.
A33: (2) Jika Kategori A atau B kurang dari 70% dari 300 poin, hasilnya adalah Tidak Lulus. Meskipun total Kategori A mencapai skor kelulusan, jika salah satu teknik dasar, teknik pilihan atau kumi embu tidak mencapai 60% dari 100 poin, hasil ujiannya tidak lulus.
B35: Penguji 1 | F35: Penguji 2 | Y35: Penguji 3
B39: Nama : | F39: Nama : | Y39: Nama :
B40: DAN : | F40: DAN : | Y40: DAN :
A42: 11
A43: =A42+1 -> 12
A44: =A43+1 -> 13
A45: =A44+1 -> 14
A46: =A45+1 -> 15
A47: =A46+1 -> 16
A48: =A47+1 -> 17
A49: =A48+1 -> 18
A50: =A49+1 -> 19
A51: =A50+1 -> 20
A52: TEKNIK DASAR (100) : | N52: KUMI EMBU (100) : | AB52: Penyerang & bertahan ditentukan Penguji.
A53: 1. | B53: Tai gamae : chudan gamae, hasso gamae, ichiji gamae | D53: shita uke, jo chu ni ren zuki, ren uke (pasangan). | N53: 1. | O53: Tsubame gaeshi ren han ko
B54: Tai sabaki : zen tenkan, han tenkan, jun sagari, hiraki sagari | D54: 6. Kihon hokei (solo) : tenchi ken dai ikkei sampai dai yonkei (kiri, kanan) | N54: 2. | O54: Soto oshi uke zuki ren han ko | AB54: Goho
B55: Umpo ho : chidori ashi, kani ashi, juji ashi, kumo ashi | D55: ryuo ken dai ikkei (hidari, migi), giwa ken dai nikei | N55: 3. | O55: Eri juji | AB55: Penyerang : tsuki & keri ke arah jodan & chudan
A56: 2. | B56: Ukemi : mae ukemi, ushiro ukemi, daisharin, oten yori okiagari | D56: 7. Kihon hokei (pasangan) : tenchi ken dai ikkei, giwa ken dai ikkei | N56: 4. | O56: Sode maki | AB56: Bertahan : merespon dengan serangan balasan.
A57: 3. | B57: Teknik Menyerang : (kaisoku dachi) furiko zuki, shuto uchi, kumade zuki, keri age (kiri, kanan) jo chu ni ren zuki, jo chu mawashi geri, sashikomi mawashi geri, sashikae sokuto geri | N57: 5. | O57: Tsuki ten san ren han ko
N58: 6. | O58: Maki gote (morote) ~ tembin gatame (ura) | AB58: Juho
D59: TEKNIK PILIHAN (100) : | AB59: Penyerang : memegang pergelangan/lengan.
A60: 4. | B60: Teknik Bertahan : kaisoku dachi, bertahan dengan serangan balik masuk ( ), uwa uke (tsuki), uchi uke (tsuki), shita uke (keri), soto uke (tsuki), uchi age uke (keri), uchi harai uke (keri) | N60: Catatan untuk Kumi Embu: | AB60: Bertahan : teknik gyaku atau nuki.
D61: Catatan untuk Teknik Pilihan: | N61: Seorang peserta ujian menampilkan (1), (3), (5)
D62: Paling sedikit 3 teknik masing-masing goho & juho merupakan waza Kyu 1. | N62: & peserta lain menampilkan (2), (4), (6)
A63: 5. | B63: Bertahan dan Menyerang saat Bergerak : zenshin zuki (jun, gyaku), zenshin geri (jun, gyaku), hiraki sagatte jun geri (solo), chudan zuki, | D63: Teknik dilakukan dari sisi kanan & sisi kiri. | N63: Penguji menentukan siapa yang memulai terlebih dahulu.
A65: (1) Ujian teknik terdiri dari Kategori A [Teknik Dasar (100), Teknik Pilihan (100), Kumi Embu (100), dan Kategori B [Penerapan Teknik (100)]. Total Kategori A harus 70% dari 300 poin dan Kategori B harus 70% dari 300 poin untuk lulus ujian.
A66: (2) Jika Kategori A atau B kurang dari 70% dari 300 poin, hasilnya adalah Tidak Lulus. Meskipun total Kategori A mencapai skor kelulusan, jika salah satu teknik dasar, teknik pilihan atau kumi embu tidak mencapai 60% dari 100 poin, hasil ujiannya tidak lulus.
B68: Penguji 1 | F68: Penguji 2 | Y68: Penguji 3
B72: Nama : | F72: Nama : | Y72: Nama :
B73: DAN : | F73: DAN : | Y73: DAN :
A75: 21
A76: =A75+1 -> 22
A77: =A76+1 -> 23
A78: =A77+1 -> 24
A79: =A78+1 -> 25
A80: =A79+1 -> 26
A81: =A80+1 -> 27
A82: =A81+1 -> 28
A83: =A82+1 -> 29
A84: =A83+1 -> 30
A85: TEKNIK DASAR (100) : | N85: KUMI EMBU (100) : | AB85: Penyerang & bertahan ditentukan Penguji.
A86: 1. | B86: Tai gamae : chudan gamae, hasso gamae, ichiji gamae | D86: shita uke, jo chu ni ren zuki, ren uke (pasangan). | N86: 1. | O86: Tsubame gaeshi ren han ko
B87: Tai sabaki : zen tenkan, han tenkan, jun sagari, hiraki sagari | D87: 6. Kihon hokei (solo) : tenchi ken dai ikkei sampai dai yonkei (kiri, kanan) | N87: 2. | O87: Soto oshi uke zuki ren han ko | AB87: Goho
B88: Umpo ho : chidori ashi, kani ashi, juji ashi, kumo ashi | D88: ryuo ken dai ikkei (hidari, migi), giwa ken dai nikei | N88: 3. | O88: Eri juji | AB88: Penyerang : tsuki & keri ke arah jodan & chudan
A89: 2. | B89: Ukemi : mae ukemi, ushiro ukemi, daisharin, oten yori okiagari | D89: 7. Kihon hokei (pasangan) : tenchi ken dai ikkei, giwa ken dai ikkei | N89: 4. | O89: Sode maki | AB89: Bertahan : merespon dengan serangan balasan.
A90: 3. | B90: Teknik Menyerang : (kaisoku dachi) furiko zuki, shuto uchi, kumade zuki, keri age (kiri, kanan) jo chu ni ren zuki, jo chu mawashi geri, sashikomi mawashi geri, sashikae sokuto geri | N90: 5. | O90: Tsuki ten san ren han ko
N91: 6. | O91: Maki gote (morote) ~ tembin gatame (ura) | AB91: Juho
D92: TEKNIK PILIHAN (100) : | AB92: Penyerang : memegang pergelangan/lengan.
A93: 4. | B93: Teknik Bertahan : kaisoku dachi, bertahan dengan serangan balik masuk ( ), uwa uke (tsuki), uchi uke (tsuki), shita uke (keri), soto uke (tsuki), uchi age uke (keri), uchi harai uke (keri) | N93: Catatan untuk Kumi Embu: | AB93: Bertahan : teknik gyaku atau nuki.
D94: Catatan untuk Teknik Pilihan: | N94: Seorang peserta ujian menampilkan (1), (3), (5)
D95: Paling sedikit 3 teknik masing-masing goho & juho merupakan waza Kyu 1. | N95: & peserta lain menampilkan (2), (4), (6)
A96: 5. | B96: Bertahan dan Menyerang saat Bergerak : zenshin zuki (jun, gyaku), zenshin geri (jun, gyaku), hiraki sagatte jun geri (solo), chudan zuki, | D96: Teknik dilakukan dari sisi kanan & sisi kiri. | N96: Penguji menentukan siapa yang memulai terlebih dahulu.
A98: (1) Ujian teknik terdiri dari Kategori A [Teknik Dasar (100), Teknik Pilihan (100), Kumi Embu (100), dan Kategori B [Penerapan Teknik (100)]. Total Kategori A harus 70% dari 300 poin dan Kategori B harus 70% dari 300 poin untuk lulus ujian.
A99: (2) Jika Kategori A atau B kurang dari 70% dari 300 poin, hasilnya adalah Tidak Lulus. Meskipun total Kategori A mencapai skor kelulusan, jika salah satu teknik dasar, teknik pilihan atau kumi embu tidak mencapai 60% dari 100 poin, hasil ujiannya tidak lulus.
B101: Penguji 1 | F101: Penguji 2 | Y101: Penguji 3
B105: Nama : | F105: Nama : | Y105: Nama :
B106: DAN : | F106: DAN : | Y106: DAN :
A108: 31
A109: =A108+1 -> 32
A110: =A109+1 -> 33
A111: =A110+1 -> 34
A112: =A111+1 -> 35
A113: =A112+1 -> 36
A114: =A113+1 -> 37
A115: =A114+1 -> 38
A116: =A115+1 -> 39
A117: =A116+1 -> 40
A118: TEKNIK DASAR (100) : | N118: KUMI EMBU (100) : | AB118: Penyerang & bertahan ditentukan Penguji.
...

Sheet 1 KYU (Hal 2)
A1: FORMULIR - 27
A2: PENILAIAN KUMI EMBU (PAIRED EMBU) MENUJU KYU I (SATU)
A3: Tanggal : | Y3: Nama Penguji :
A4: NO | B4: NAMA | C4: Ketepatan (60) | J4: Penampilan (40) | O4: Total Embu | Q4: Catatan Penguji
C5: Goho: Serangan, pertahanan, serangan balasan, 5 elemen atemi, dll. Juho: Bertahan, menghindar, melepas, menekuk pergelangan, bantingan, kuncian | I5: Sub Total | J5: 1. Komposisi, Irama dan Moderasi | K5: 2. Kuda-kuda, sikap dan keindahan | L5: 3. Kihaku (semangat), Kiai, Sae (jelas) | M5: 4. Chosoku (pernafasan), Mekubari (Perhatian), dan Zanshin | N5: Sub Total
C7: 1 | D7: 2 | E7: 3 | F7: 4 | G7: 5 | H7: 6 | J7: 1 | K7: 2 | L7: 3 | M7: 4
C8: 10 | D8: 10 | E8: 10 | F8: 10 | G8: 10 | H8: 10 | I8: 60 | J8: 10 | K8: 10 | L8: 10 | M8: 10 | N8: 40 | O8: 100
A9: 1 | B9: ='1 KYU'!B9 -> 0 | R9: Fokus Penilaian Penguji
A10: 2 | B10: ='1 KYU'!B10 -> 0 | Q10: Ketepatan | R10: Penilaian setiap komposisi dengan titik fokus yang tercantum di bawah ini. - Goho: serangan, pertahanan, serangan balasan, 5 elemen atemi, dll. - Juho: shuho, nuki-waza, gyaku-waza, katame-waza, masing-masing prinsip, dll. Evaluasi tidak hanya kecepatan atau tampilan yang menarik, tetapi lihat apakah elemen-elemen tekniknya disusun dengan benar dan prinsip-prinsip diterapkan, untuk mengevaluasi esensi teknik tersebut. Lihat juga apakah gerakannya memiliki unsur bela diri dan masuk akal dari sudut pandang bela diri.
A11: 3 | B11: ='1 KYU'!B11 -> 0
A12: 4 | B12: ='1 KYU'!B12 -> 0
A13: 5 | B13: ='1 KYU'!B13 -> 0
A14: 6 | B14: ='1 KYU'!B14 -> 0
A15: 7 | B15: ='1 KYU'!B15 -> 0 | Q15: Penampilan | R15: 1 | S15: Komposisi, Irama, dan Moderasi | Y15: 1. Terdiri dari teknik sesuai dengan tingkatannya. 2. Tidak ada keraguan dalam melakukan rangkaian tehnik. 3. Tidak ada gerakan yang tidak perlu pada perubahan posisi dan gerakan, dll.
A16: 8 | B16: ='1 KYU'!B16 -> 0
A17: 9 | B17: ='1 KYU'!B17 -> 0
A18: 10 | B18: ='1 KYU'!B18 -> 0
A19: Embu Berpasangan | G19: Perhatian! | R19: 2 | S19: Kuda-kuda, sikap, dan keindahan | Y19: 1. Relaks 2. Postur tubuh yang baik 3. Posisi kaki, posisi pinggul rendah, posisi kepalan tangan baik dan tangan ditekan ke samping.
A20: 1. | B20: Tsubame gaeshi ren han ko | G20: - Seorang peserta ujian menampilkan (1), (3), (5)
A21: 2. | B21: Soto oshi uke zuki ren han ko | G21: & peserta lain menampilkan (2), (4), (6)
A22: 3. | B22: Eri juji | G22: - Penguji menentukan siapa yang memulai terlebih dahulu.
A23: 4. | B23: Sode maki | G23: - Penguji mengevaluasi setiap peserta ujian. | R23: 3 | S23: Kihaku (semangat), Kiai, Sae (jelas) | Y23: 1.Terlihat, kihaku (bersemangat) 2. Kecepatan, kekuatan, kime, dll.
A24: 5. | B24: Tsuki ten san ren han ko | G24: - Jika peserta ujian tidak mengingat urutan embu dan penguji harus memberitahunya, setiap pemberitahuan mengurangi 2 poin dari komposisi, irama dan moderasi.
A25: 6. | B25: Maki gote (morote) ~ tembin gatame (ura)
R26: 4 | S26: Chosoku (pernafasan), Mekubari (Perhatian), dan Zanshin | Y26: 1. Ada tidak ada gangguan pernapasan. 2. Tatapan mata pada lawan. 3. Kesiapan fisik dan mental setelah teknik, dll.
B31: Penguji 1 | J31: Penguji 2 | W31: Penguji 3
B35: Nama : | J35: Nama : | W35: Nama :
B36: DAN : | J36: DAN : | W36: DAN :
A38: 11 | B38: ='1 KYU'!B42 -> 0 | R38: Fokus Penilaian Penguji
A39: =A38+1 -> 12 | B39: ='1 KYU'!B43 -> 0 | Q39: Ketepatan | R39: Penilaian setiap komposisi dengan titik fokus yang tercantum di bawah ini. - Goho: serangan, pertahanan, serangan balasan, 5 elemen atemi, dll. - Juho: shuho, nuki-waza, gyaku-waza, katame-waza, masing-masing prinsip, dll. Evaluasi tidak hanya kecepatan atau tampilan yang menarik, tetapi lihat apakah elemen-elemen tekniknya disusun dengan benar dan prinsip-prinsip diterapkan, untuk mengevaluasi esensi teknik tersebut. Lihat juga apakah gerakannya memiliki unsur bela diri dan masuk akal dari sudut pandang bela diri.
A40: =A39+1 -> 13 | B40: ='1 KYU'!B44 -> 0
A41: =A40+1 -> 14 | B41: ='1 KYU'!B45 -> 0
A42: =A41+1 -> 15 | B42: ='1 KYU'!B46 -> 0
A43: =A42+1 -> 16 | B43: ='1 KYU'!B47 -> 0
A44: =A43+1 -> 17 | B44: ='1 KYU'!B48 -> 0 | Q44: Penampilan | R44: 1 | S44: Komposisi, Irama, dan Moderasi | Y44: 1. Terdiri dari teknik sesuai dengan tingkatannya. 2. Tidak ada keraguan dalam melakukan rangkaian tehnik. 3. Tidak ada gerakan yang tidak perlu pada perubahan posisi dan gerakan, dll.
A45: =A44+1 -> 18 | B45: ='1 KYU'!B49 -> 0
A46: =A45+1 -> 19 | B46: ='1 KYU'!B50 -> 0
A47: =A46+1 -> 20 | B47: ='1 KYU'!B51 -> 0
A48: Embu Berpasangan | G48: Perhatian! | R48: 2 | S48: Kuda-kuda, sikap, dan keindahan | Y48: 1. Relaks 2. Postur tubuh yang baik 3. Posisi kaki, posisi pinggul rendah, posisi kepalan tangan baik dan tangan ditekan ke samping.
A49: 1. | B49: Tsubame gaeshi ren han ko | G49: - Seorang peserta ujian menampilkan (1), (3), (5)
A50: 2. | B50: Soto oshi uke zuki ren han ko | G50: & peserta lain menampilkan (2), (4), (6)
A51: 3. | B51: Eri juji | G51: - Penguji menentukan siapa yang memulai terlebih dahulu.
A52: 4. | B52: Sode maki | G52: - Penguji mengevaluasi setiap peserta ujian. | R52: 3 | S52: Kihaku (semangat), Kiai, Sae (jelas) | Y52: 1.Terlihat, kihaku (bersemangat) 2. Kecepatan, kekuatan, kime, dll.
A53: 5. | B53: Tsuki ten san ren han ko | G53: - Jika peserta ujian tidak mengingat urutan embu dan penguji harus memberitahunya, setiap pemberitahuan mengurangi 2 poin dari komposisi, irama dan moderasi.
A54: 6. | B54: Maki gote (morote) ~ tembin gatame (ura)
R55: 4 | S55: Chosoku (pernafasan), Mekubari (Perhatian), dan Zanshin | Y55: 1. Ada tidak ada gangguan pernapasan. 2. Tatapan mata pada lawan. 3. Kesiapan fisik dan mental setelah teknik, dll.
B60: Penguji 1 | J60: Penguji 2 | W60: Penguji 3
B64: Nama : | J64: Nama : | W64: Nama :
B65: DAN : | J65: DAN : | W65: DAN :
A67: 21 | B67: ='1 KYU'!B75 -> 0 | R67: Fokus Penilaian Penguji
A68: =A67+1 -> 22 | B68: ='1 KYU'!B76 -> 0 | Q68: Ketepatan | R68: Penilaian setiap komposisi dengan titik fokus yang tercantum di bawah ini. - Goho: serangan, pertahanan, serangan balasan, 5 elemen atemi, dll. - Juho: shuho, nuki-waza, gyaku-waza, katame-waza, masing-masing prinsip, dll. Evaluasi tidak hanya kecepatan atau tampilan yang menarik, tetapi lihat apakah elemen-elemen tekniknya disusun dengan benar dan prinsip-prinsip diterapkan, untuk mengevaluasi esensi teknik tersebut. Lihat juga apakah gerakannya memiliki unsur bela diri dan masuk akal dari sudut pandang bela diri.
A69: =A68+1 -> 23 | B69: ='1 KYU'!B77 -> 0
A70: =A69+1 -> 24 | B70: ='1 KYU'!B78 -> 0
A71: =A70+1 -> 25 | B71: ='1 KYU'!B79 -> 0
A72: =A71+1 -> 26 | B72: ='1 KYU'!B80 -> 0
A73: =A72+1 -> 27 | B73: ='1 KYU'!B81 -> 0 | Q73: Penampilan | R73: 1 | S73: Komposisi, Irama, dan Moderasi | Y73: 1. Terdiri dari teknik sesuai dengan tingkatannya. 2. Tidak ada keraguan dalam melakukan rangkaian tehnik. 3. Tidak ada gerakan yang tidak perlu pada perubahan posisi dan gerakan, dll.
A74: =A73+1 -> 28 | B74: ='1 KYU'!B82 -> 0
A75: =A74+1 -> 29 | B75: ='1 KYU'!B83 -> 0
A76: =A75+1 -> 30 | B76: ='1 KYU'!B84 -> 0
A77: Embu Berpasangan | G77: Perhatian! | R77: 2 | S77: Kuda-kuda, sikap, dan keindahan | Y77: 1. Relaks 2. Postur tubuh yang baik 3. Posisi kaki, posisi pinggul rendah, posisi kepalan tangan baik dan tangan ditekan ke samping.
A78: 1. | B78: Tsubame gaeshi ren han ko | G78: - Seorang peserta ujian menampilkan (1), (3), (5)
A79: 2. | B79: Soto oshi uke zuki ren han ko | G79: & peserta lain menampilkan (2), (4), (6)
A80: 3. | B80: Eri juji | G80: - Penguji menentukan siapa yang memulai terlebih dahulu.
A81: 4. | B81: Sode maki | G81: - Penguji mengevaluasi setiap peserta ujian. | R81: 3 | S81: Kihaku (semangat), Kiai, Sae (jelas) | Y81: 1.Terlihat, kihaku (bersemangat) 2. Kecepatan, kekuatan, kime, dll.
A82: 5. | B82: Tsuki ten san ren han ko | G82: - Jika peserta ujian tidak mengingat urutan embu dan penguji harus memberitahunya, setiap pemberitahuan mengurangi 2 poin dari komposisi, irama dan moderasi.
A83: 6. | B83: Maki gote (morote) ~ tembin gatame (ura)
R84: 4 | S84: Chosoku (pernafasan), Mekubari (Perhatian), dan Zanshin | Y84: 1. Ada tidak ada gangguan pernapasan. 2. Tatapan mata pada lawan. 3. Kesiapan fisik dan mental setelah teknik, dll.
B89: Penguji 1 | J89: Penguji 2 | W89: Penguji 3
B93: Nama : | J93: Nama : | W93: Nama :
B94: DAN : | J94: DAN : | W94: DAN :
A96: 31 | B96: ='1 KYU'!B108 -> 0 | R96: Fokus Penilaian Penguji
A97: =A96+1 -> 32 | B97: ='1 KYU'!B109 -> 0 | Q97: Ketepatan | R97: Penilaian setiap komposisi dengan titik fokus yang tercantum di bawah ini. - Goho: serangan, pertahanan, serangan balasan, 5 elemen atemi, dll. - Juho: shuho, nuki-waza, gyaku-waza, katame-waza, masing-masing prinsip, dll. Evaluasi tidak hanya kecepatan atau tampilan yang menarik, tetapi lihat apakah elemen-elemen tekniknya disusun dengan benar dan prinsip-prinsip diterapkan, untuk mengevaluasi esensi teknik tersebut. Lihat juga apakah gerakannya memiliki unsur bela diri dan masuk akal dari sudut pandang bela diri.
A98: =A97+1 -> 33 | B98: ='1 KYU'!B110 -> 0
A99: =A98+1 -> 34 | B99: ='1 KYU'!B111 -> 0
A100: =A99+1 -> 35 | B100: ='1 KYU'!B112 -> 0
A101: =A100+1 -> 36 | B101: ='1 KYU'!B113 -> 0
A102: =A101+1 -> 37 | B102: ='1 KYU'!B114 -> 0 | Q102: Penampilan | R102: 1 | S102: Komposisi, Irama, dan Moderasi | Y102: 1. Terdiri dari teknik sesuai dengan tingkatannya. 2. Tidak ada keraguan dalam melakukan rangkaian tehnik. 3. Tidak ada gerakan yang tidak perlu pada perubahan posisi dan gerakan, dll.
A103: =A102+1 -> 38 | B103: ='1 KYU'!B115 -> 0
A104: =A103+1 -> 39 | B104: ='1 KYU'!B116 -> 0
A105: =A104+1 -> 40 | B105: ='1 KYU'!B117 -> 0
A106: Embu Berpasangan | G106: Perhatian! | R106: 2 | S106: Kuda-kuda, sikap, dan keindahan | Y106: 1. Relaks 2. Postur tubuh yang baik 3. Posisi kaki, posisi pinggul rendah, posisi kepalan tangan baik dan tangan ditekan ke samping.
A107: 1. | B107: Tsubame gaeshi ren han ko | G107: - Seorang peserta ujian menampilkan (1), (3), (5)
A108: 2. | B108: Soto oshi uke zuki ren han ko | G108: & peserta lain menampilkan (2), (4), (6)
A109: 3. | B109: Eri juji | G109: - Penguji menentukan siapa yang memulai terlebih dahulu.
A110: 4. | B110: Sode maki | G110: - Penguji mengevaluasi setiap peserta ujian. | R110: 3 | S110: Kihaku (semangat), Kiai, Sae (jelas) | Y110: 1.Terlihat, kihaku (bersemangat) 2. Kecepatan, kekuatan, kime, dll.
A111: 5. | B111: Tsuki ten san ren han ko | G111: - Jika peserta ujian tidak mengingat urutan embu dan penguji harus memberitahunya, setiap pemberitahuan mengurangi 2 poin dari komposisi, irama dan moderasi.
A112: 6. | B112: Maki gote (morote) ~ tembin gatame (ura)
R113: 4 | S113: Chosoku (pernafasan), Mekubari (Perhatian), dan Zanshin | Y113: 1. Ada tidak ada gangguan pernapasan. 2. Tatapan mata pada lawan. 3. Kesiapan fisik dan mental setelah teknik, dll.
B118: Penguji 1 | J118: Penguji 2 | W118: Penguji 3
B122: Nama : | J122: Nama : | W122: Nama :
B123: DAN : | J123: DAN : | W123: DAN :
A125: 41 | B125: ='1 KYU'!B141 -> 0 | R125: Fokus Penilaian Penguji
A126: =A125+1 -> 42 | B126: ='1 KYU'!B142 -> 0 | Q126: Ketepatan | R126: Penilaian setiap komposisi dengan titik fokus yang tercantum di bawah ini. - Goho: serangan, pertahanan, serangan balasan, 5 elemen atemi, dll. - Juho: shuho, nuki-waza, gyaku-waza, katame-waza, masing-masing prinsip, dll. Evaluasi tidak hanya kecepatan atau tampilan yang menarik, tetapi lihat apakah elemen-elemen tekniknya disusun dengan benar dan prinsip-prinsip diterapkan, untuk mengevaluasi esensi teknik tersebut. Lihat juga apakah gerakannya memiliki unsur bela diri dan masuk akal dari sudut pandang bela diri.
A127: =A126+1 -> 43 | B127: ='1 KYU'!B143 -> 0
A128: =A127+1 -> 44 | B128: ='1 KYU'!B144 -> 0
A129: =A128+1 -> 45 | B129: ='1 KYU'!B145 -> 0
A130: =A129+1 -> 46 | B130: ='1 KYU'!B146 -> 0
A131: =A130+1 -> 47 | B131: ='1 KYU'!B147 -> 0 | Q131: Penampilan | R131: 1 | S131: Komposisi, Irama, dan Moderasi | Y131: 1. Terdiri dari teknik sesuai dengan tingkatannya. 2. Tidak ada keraguan dalam melakukan rangkaian tehnik. 3. Tidak ada gerakan yang tidak perlu pada perubahan posisi dan gerakan, dll.
A132: =A131+1 -> 48 | B132: ='1 KYU'!B148 -> 0
A133: =A132+1 -> 49 | B133: ='1 KYU'!B149 -> 0
...

Sheet 1 DAN
A1: FORMULIR-27
A2: FORMULIR PENILAIAN KENAIKAN TINGKAT MENUJU DAN I (SATU)
A3: Tanggal :
A4: NO. | B4: NAMA | C4: N.I.K | D4: DOJO / PENGKAB / PENGKOT / PENGPROV | E4: Jenis Kelamin | F4: Umur | G4: Tehnik Dasar (100) | O4: Tehnik Pilihan (100) | Z4: Kumi Embu (100) | AC4: Nilai Total A | AE4: Penerapan Tehnik/Unyo-ho (100) | AG4: Nilai Total B | AH4: Nilai Total
G5: Tai gamae, Tai sabaki, Umpo ho | H5: Ukemi | I5: Teknik Dasar Serangan | J5: Teknik Dasar Bertahan | K5: Menyerang dan bertahan sambil bergerak | L5: Tan'en kihon hokei | M5: Tan'en kihon hokei (Berpasangan) | N5: Total | O5: Goho (50) | T5: Juho (50) | Y5: Total | Z5: Ketepatan | AA5: Penampilan | AB5: Sub Total | AE5: Goho (50) | AF5: Juho (50)
AE6: Bertahan, serangan balasan, semangat, sikap, bertahan dan menyerang bergantian | AF6: Bertahan, serangan balasan, semangat, sikap, bertahan dan menyerang bergantian
G7: 10 | H7: 10 | I7: 10 | J7: 10 | K7: 10 | L7: 20 | M7: 30 | N7: 100 | O7: 10 | P7: 10 | Q7: 10 | R7: 10 | S7: 10 | T7: 10 | U7: 10 | V7: 10 | W7: 10 | X7: 10 | Y7: 100 | Z7: 50 | AA7: 50 | AB7: 100 | AC7: 300 | AE7: 50 | AF7: 50 | AG7: 100 | AH7: 400
A8: 1
A9: =A8+1 -> 2
A10: =A9+1 -> 3
A11: =A10+1 -> 4
A12: =A11+1 -> 5
A13: =A12+1 -> 6
A14: =A13+1 -> 7
A15: =A14+1 -> 8
A16: =A15+1 -> 9
A17: =A16+1 -> 10
A18: Teknik Dasar (100): | E18: 5 | F18: Offenses while moving: zenshin zuki (jo chu ni ren zuki, | O18: Kumi Embu (100): | AE18: Unyo-ho(100) : (Wajib hingga usia 49 tahun)
A19: 1 | B19: Tai gamae: chudan gamae, hasso gamae, ichiji gamae | F19: jo chu mawashi geri), hiraki sagatte ren uke | O19: 1 | P19: Harai uke geri ke tsuki ten san | AE19: Penyerang & bertahan ditentukan Penguji.
B20: - tai sabaki: zen tenkan, han tenkan, jun sagari, hiraki sagari | E20: 6 | F20: Tan'en kihon hokei: tenchi ken dai ikkei through dai rokkei (left, right) | P20: Bertahan : melakukan harai uke geri dan jo chu jo san ren zuki | AE20: 1. Goho
B21: - umpo ho: chidori ashi, kani ashi, juji ashi, kumo ashi | F21: ryuo ken dai ikkei (left, right), giwa ken dai ikkei & dai nikei | O21: 2 | P21: Gyaku geri hiza uke nami gaeshi ke tsuki ten ichi | AE21: Penyerang: tsuki dan keri ke jodan atau chudan.
A22: 2 | B22: Ukemi: mae ukemi, ushiro ukemi, daisharin, oten yori okiagari | F22: byakuren ken dai ikkei | P22: Bertahan : melakukan gyaku geri hiza uke nami gaeshi dan jo chu ni ren zuki | AE22: Bertahan: serangan balasan bebas
A23: 3 | B23: Dasar menyerang: (kaisoku dachi) furiko zuki, shuto uchi, kumade zuki, keri age, | E23: 7 | F23: Tan'en kihon hokei (paired): tenchi ken dai ikkei & dai nikei | O23: 3 | P23: Morote kiri gote, Penyerang: ude ushiro neji age | AE23: 2. Juho
B24: - (hidari mae, migi mae) jo chu ni ren zuki, jo chu mawashi geri, ren geri, sashikae sokuto geri | F24: giwa ken dai ikkei, ryuo ken dai ikkei | O24: 4 | P24: Morote oshi nuki, Penyerang: gyaku tembin | AE24: Penyerang: mengambil pergelangan tangan
A25: 4 | B25: Pertahanan dasar: kaisoku dachi, lakukan setiap teknik dengan serangan balik di ( ). | O25: 5 | P25: Chidori gaeshi kari ashi | AE25: (katate, ryote, morote), johaku,
B26: - uwa uke (tsuki), uchi uke (tsuki), shita uke (keri), soto uke (tsuki) | E26: Teknik Pilihan(100): | O26: 6 | P26: Kote maki gaeshi ~ kannuki gatame | AE26: sode atas, eri (katate)
B27: - uchi age uke (keri), uchi harai uke (keri) | E27: Lakukan kedua sisi untuk evaluasi keseluruhan. | O27: Catatan: Seorang peserta ujian menampilkan (1), (3), (5) & peserta lain | AE27: Bertahan: bertahan dan menyerang balik dengan
O28: menampilkan (2), (4), (6). Penguji menentukan siapa yang memulai terlebih dahulu. | AE28: ryuo ken, ryuka ken, rakan ken
A29: (1) Ujian teknik terdiri dari Kategori A [Teknik Dasar (100), Teknik Pilihan (100), Kumi Embu (100), dan Kategori B [Penerapan Teknik (100)]. Total Kategori A harus 70% dari 300 poin dan Kategori B harus 70% dari 300 poin untuk lulus ujian.
A30: (2) Jika Kategori A atau B kurang dari 70% dari 300 poin, hasilnya adalah Tidak Lulus. Meskipun total Kategori A mencapai skor kelulusan, jika salah satu teknik dasar, teknik pilihan atau kumi embu tidak mencapai 60% dari 100 poin, hasil ujiannya tidak lulus.
B32: Penguji 1 | E32: Penguji 2 | T32: Penguji 3
B36: Nama : | E36: Nama : | T36: Nama :
B37: DAN : | E37: DAN : | T37: DAN :
A39: 11
A40: =A39+1 -> 12
A41: =A40+1 -> 13
A42: =A41+1 -> 14
A43: =A42+1 -> 15
A44: =A43+1 -> 16
A45: =A44+1 -> 17
A46: =A45+1 -> 18
A47: =A46+1 -> 19
A48: =A47+1 -> 20
A49: Teknik Dasar (100): | E49: 5 | F49: Offenses while moving: zenshin zuki (jo chu ni ren zuki, | O49: Kumi Embu (100): | AE49: Unyo-ho(100) : (Wajib hingga usia 49 tahun)
A50: 1 | B50: Tai gamae: chudan gamae, hasso gamae, ichiji gamae | F50: jo chu mawashi geri), hiraki sagatte ren uke | O50: 1 | P50: Harai uke geri ke tsuki ten san | AE50: Penyerang & bertahan ditentukan Penguji.
B51: - tai sabaki: zen tenkan, han tenkan, jun sagari, hiraki sagari | E51: 6 | F51: Tan'en kihon hokei: tenchi ken dai ikkei through dai rokkei (left, right) | P51: Bertahan : melakukan harai uke geri dan jo chu jo san ren zuki | AE51: 1. Goho
B52: - umpo ho: chidori ashi, kani ashi, juji ashi, kumo ashi | F52: ryuo ken dai ikkei (left, right), giwa ken dai ikkei & dai nikei | O52: 2 | P52: Gyaku geri hiza uke nami gaeshi ke tsuki ten ichi | AE52: Penyerang: tsuki dan keri ke jodan atau chudan.
A53: 2 | B53: Ukemi: mae ukemi, ushiro ukemi, daisharin, oten yori okiagari | F53: byakuren ken dai ikkei | P53: Bertahan : melakukan gyaku geri hiza uke nami gaeshi dan jo chu ni ren zuki | AE53: Bertahan: serangan balasan bebas
A54: 3 | B54: Dasar menyerang: (kaisoku dachi) furiko zuki, shuto uchi, kumade zuki, keri age, | E54: 7 | F54: Tan'en kihon hokei (paired): tenchi ken dai ikkei & dai nikei | O54: 3 | P54: Morote kiri gote, Penyerang: ude ushiro neji age | AE54: 2. Juho
B55: - (hidari mae, migi mae) jo chu ni ren zuki, jo chu mawashi geri, ren geri, sashikae sokuto geri | F55: giwa ken dai ikkei, ryuo ken dai ikkei | O55: 4 | P55: Morote oshi nuki, Penyerang: gyaku tembin | AE55: Penyerang: mengambil pergelangan tangan
A56: 4 | B56: Pertahanan dasar: kaisoku dachi, lakukan setiap teknik dengan serangan balik di ( ). | O56: 5 | P56: Chidori gaeshi kari ashi | AE56: (katate, ryote, morote), johaku,
B57: - uwa uke (tsuki), uchi uke (tsuki), shita uke (keri), soto uke (tsuki) | E57: Teknik Pilihan(100): | O57: 6 | P57: Kote maki gaeshi ~ kannuki gatame | AE57: sode atas, eri (katate)
B58: - uchi age uke (keri), uchi harai uke (keri) | E58: Lakukan kedua sisi untuk evaluasi keseluruhan. | O58: Catatan: Seorang peserta ujian menampilkan (1), (3), (5) & peserta lain | AE58: Bertahan: bertahan dan menyerang balik dengan
O59: menampilkan (2), (4), (6). Penguji menentukan siapa yang memulai terlebih dahulu. | AE59: ryuo ken, ryuka ken, rakan ken
A60: (1) Ujian teknik terdiri dari Kategori A [Teknik Dasar (100), Teknik Pilihan (100), Kumi Embu (100), dan Kategori B [Penerapan Teknik (100)]. Total Kategori A harus 70% dari 300 poin dan Kategori B harus 70% dari 300 poin untuk lulus ujian.
A61: (2) Jika Kategori A atau B kurang dari 70% dari 300 poin, hasilnya adalah Tidak Lulus. Meskipun total Kategori A mencapai skor kelulusan, jika salah satu teknik dasar, teknik pilihan atau kumi embu tidak mencapai 60% dari 100 poin, hasil ujiannya tidak lulus.
B63: Penguji 1 | E63: Penguji 2 | T63: Penguji 3
B67: Nama : | E67: Nama : | T67: Nama :
B68: DAN : | E68: DAN : | T68: DAN :
A70: 21
A71: =A70+1 -> 22
A72: =A71+1 -> 23
A73: =A72+1 -> 24
A74: =A73+1 -> 25
A75: =A74+1 -> 26
A76: =A75+1 -> 27
A77: =A76+1 -> 28
A78: =A77+1 -> 29
A79: =A78+1 -> 30
A80: Teknik Dasar (100): | E80: 5 | F80: Offenses while moving: zenshin zuki (jo chu ni ren zuki, | O80: Kumi Embu (100): | AE80: Unyo-ho(100) : (Wajib hingga usia 49 tahun)
A81: 1 | B81: Tai gamae: chudan gamae, hasso gamae, ichiji gamae | F81: jo chu mawashi geri), hiraki sagatte ren uke | O81: 1 | P81: Harai uke geri ke tsuki ten san | AE81: Penyerang & bertahan ditentukan Penguji.
B82: - tai sabaki: zen tenkan, han tenkan, jun sagari, hiraki sagari | E82: 6 | F82: Tan'en kihon hokei: tenchi ken dai ikkei through dai rokkei (left, right) | P82: Bertahan : melakukan harai uke geri dan jo chu jo san ren zuki | AE82: 1. Goho
B83: - umpo ho: chidori ashi, kani ashi, juji ashi, kumo ashi | F83: ryuo ken dai ikkei (left, right), giwa ken dai ikkei & dai nikei | O83: 2 | P83: Gyaku geri hiza uke nami gaeshi ke tsuki ten ichi | AE83: Penyerang: tsuki dan keri ke jodan atau chudan.
A84: 2 | B84: Ukemi: mae ukemi, ushiro ukemi, daisharin, oten yori okiagari | F84: byakuren ken dai ikkei | P84: Bertahan : melakukan gyaku geri hiza uke nami gaeshi dan jo chu ni ren zuki | AE84: Bertahan: serangan balasan bebas
A85: 3 | B85: Dasar menyerang: (kaisoku dachi) furiko zuki, shuto uchi, kumade zuki, keri age, | E85: 7 | F85: Tan'en kihon hokei (paired): tenchi ken dai ikkei & dai nikei | O85: 3 | P85: Morote kiri gote, Penyerang: ude ushiro neji age | AE85: 2. Juho
B86: - (hidari mae, migi mae) jo chu ni ren zuki, jo chu mawashi geri, ren geri, sashikae sokuto geri | F86: giwa ken dai ikkei, ryuo ken dai ikkei | O86: 4 | P86: Morote oshi nuki, Penyerang: gyaku tembin | AE86: Penyerang: mengambil pergelangan tangan
A87: 4 | B87: Pertahanan dasar: kaisoku dachi, lakukan setiap teknik dengan serangan balik di ( ). | O87: 5 | P87: Chidori gaeshi kari ashi | AE87: (katate, ryote, morote), johaku,
B88: - uwa uke (tsuki), uchi uke (tsuki), shita uke (keri), soto uke (tsuki) | E88: Teknik Pilihan(100): | O88: 6 | P88: Kote maki gaeshi ~ kannuki gatame | AE88: sode atas, eri (katate)
B89: - uchi age uke (keri), uchi harai uke (keri) | E89: Lakukan kedua sisi untuk evaluasi keseluruhan. | O89: Catatan: Seorang peserta ujian menampilkan (1), (3), (5) & peserta lain | AE89: Bertahan: bertahan dan menyerang balik dengan
O90: menampilkan (2), (4), (6). Penguji menentukan siapa yang memulai terlebih dahulu. | AE90: ryuo ken, ryuka ken, rakan ken
A91: (1) Ujian teknik terdiri dari Kategori A [Teknik Dasar (100), Teknik Pilihan (100), Kumi Embu (100), dan Kategori B [Penerapan Teknik (100)]. Total Kategori A harus 70% dari 300 poin dan Kategori B harus 70% dari 300 poin untuk lulus ujian.
A92: (2) Jika Kategori A atau B kurang dari 70% dari 300 poin, hasilnya adalah Tidak Lulus. Meskipun total Kategori A mencapai skor kelulusan, jika salah satu teknik dasar, teknik pilihan atau kumi embu tidak mencapai 60% dari 100 poin, hasil ujiannya tidak lulus.
B94: Penguji 1 | E94: Penguji 2 | T94: Penguji 3
B98: Nama : | E98: Nama : | T98: Nama :
B99: DAN : | E99: DAN : | T99: DAN :
A101: 31
A102: =A101+1 -> 32
A103: =A102+1 -> 33
A104: =A103+1 -> 34
A105: =A104+1 -> 35
A106: =A105+1 -> 36
A107: =A106+1 -> 37
A108: =A107+1 -> 38
A109: =A108+1 -> 39
A110: =A109+1 -> 40
A111: Teknik Dasar (100): | E111: 5 | F111: Offenses while moving: zenshin zuki (jo chu ni ren zuki, | O111: Kumi Embu (100): | AE111: Unyo-ho(100) : (Wajib hingga usia 49 tahun)
A112: 1 | B112: Tai gamae: chudan gamae, hasso gamae, ichiji gamae | F112: jo chu mawashi geri), hiraki sagatte ren uke | O112: 1 | P112: Harai uke geri ke tsuki ten san | AE112: Penyerang & bertahan ditentukan Penguji.
B113: - tai sabaki: zen tenkan, han tenkan, jun sagari, hiraki sagari | E113: 6 | F113: Tan'en kihon hokei: tenchi ken dai ikkei through dai rokkei (left, right) | P113: Bertahan : melakukan harai uke geri dan jo chu jo san ren zuki | AE113: 1. Goho
B114: - umpo ho: chidori ashi, kani ashi, juji ashi, kumo ashi | F114: ryuo ken dai ikkei (left, right), giwa ken dai ikkei & dai nikei | O114: 2 | P114: Gyaku geri hiza uke nami gaeshi ke tsuki ten ichi | AE114: Penyerang: tsuki dan keri ke jodan atau chudan.
A115: 2 | B115: Ukemi: mae ukemi, ushiro ukemi, daisharin, oten yori okiagari | F115: byakuren ken dai ikkei | P115: Bertahan : melakukan gyaku geri hiza uke nami gaeshi dan jo chu ni ren zuki | AE115: Bertahan: serangan balasan bebas
...

Sheet 1 DAN (Hal 2)
A1: FORMULIR - 27
A2: PENILAIAN KUMI EMBU (PAIRED EMBU) MENUJU DAN I (SATU)
A3: Tanggal :
A4: NO | B4: NAMA | C4: Ketepatan (60) | J4: Penampilan (40) | O4: Total Embu | Q4: Catatan Penguji
C5: Goho: Serangan, pertahanan, serangan balasan, 5 elemen atemi, dll. Juho: Bertahan, menghindar, melepas, menekuk pergelangan, bantingan, kuncian | I5: Sub Total | J5: 1. Komposisi, Irama dan Moderasi | K5: 2. Kuda-kuda, sikap dan keindahan | L5: 3. Kihaku (semangat), Kiai, Sae (jelas) | M5: 4. Chosoku (pernafasan), Mekubari (Perhatian), dan Zanshin | N5: Sub Total
C7: 1 | D7: 2 | E7: 3 | F7: 4 | G7: 5 | H7: 6 | J7: 1 | K7: 2 | L7: 3 | M7: 4
C8: 60 (masing-masing 10) | I8: 60 | J8: 40 (masing-masing 10) | N8: 40 | O8: 100
A9: 1 | B9: ='1 DAN'!B8 -> 0
A10: =A9+1 -> 2 | B10: ='1 DAN'!B9 -> 0 | R10: Fokus Penilaian Penguji
A11: =A10+1 -> 3 | B11: ='1 DAN'!B10 -> 0 | Q11: Ketepatan | R11: Penilaian setiap komposisi dengan titik fokus yang tercantum di bawah ini. - Goho: serangan, pertahanan, serangan balasan, 5 elemen atemi, dll. - Juho: shuho, nuki-waza, gyaku-waza, katame-waza, masing-masing prinsip, dll. Evaluasi tidak hanya kecepatan atau tampilan yang menarik, tetapi lihat apakah elemen-elemen tekniknya disusun dengan benar dan prinsip-prinsip diterapkan, untuk mengevaluasi esensi teknik tersebut. Lihat juga apakah gerakannya memiliki unsur bela diri dan masuk akal dari sudut pandang bela diri.
A12: =A11+1 -> 4 | B12: ='1 DAN'!B11 -> 0
A13: =A12+1 -> 5 | B13: ='1 DAN'!B12 -> 0
A14: =A13+1 -> 6 | B14: ='1 DAN'!B13 -> 0
A15: =A14+1 -> 7 | B15: ='1 DAN'!B14 -> 0
A16: =A15+1 -> 8 | B16: ='1 DAN'!B15 -> 0 | Q16: Penampilan | R16: 1 | S16: Komposisi, Irama, dan Moderasi | Y16: 1. Terdiri dari teknik sesuai dengan tingkatannya. 2. Tidak ada keraguan dalam melakukan rangkaian tehnik. 3. Tidak ada gerakan yang tidak perlu pada perubahan posisi dan gerakan, dll.
A17: =A16+1 -> 9 | B17: ='1 DAN'!B16 -> 0
A18: =A17+1 -> 10 | B18: ='1 DAN'!B17 -> 0
A20: Embu Berpasangan | H20: Perhatian! | R20: 2 | S20: Kuda-kuda, sikap, dan keindahan | Y20: 1. Relaks 2. Postur tubuh yang baik 3. Posisi kaki, posisi pinggul rendah, posisi kepalan tangan baik dan tangan ditekan ke samping.
A21: 1. | B21: Harai uke geri ke tsuki ten san | H21: - Seorang peserta ujian menampilkan (1), (3), (5)
B22: Bertahan : melakukan harai uke geri dan jo chu jo san ren zuki | H22: & peserta lain menampilkan (2), (4), (6)
A23: 2. | B23: Gyaku geri hiza uke nami gaeshi ke tsuki ten ichi | H23: - Penguji menentukan siapa yang memulai terlebih dahulu.
B24: Bertahan : melakukan gyaku geri hiza uke nami gaeshi dan jo chu ni ren zuki | H24: - Penguji mengevaluasi setiap peserta ujian. | R24: 3 | S24: Kihaku (semangat), Kiai, Sae (jelas) | Y24: 1.Terlihat, kihaku (bersemangat) 2. Kecepatan, kekuatan, kime, dll.
H25: - Jika peserta ujian tidak mengingat urutan embu dan penguji harus memberitahunya, setiap pemberitahuan mengurangi 2 poin dari komposisi, irama dan moderasi.
A26: 3. | B26: Morote kiri gote, Penyerang: ude ushiro neji age
A27: 4. | B27: Morote oshi nuki, Penyerang: gyaku tembin | R27: 4 | S27: Chosoku (pernafasan), Mekubari (Perhatian), dan Zanshin | Y27: 1. Ada tidak ada gangguan pernapasan. 2. Tatapan mata pada lawan. 3. Kesiapan fisik dan mental setelah teknik, dll.
A28: 5. | B28: Chidori gaeshi kari ashi
A29: 6. | B29: Kote maki gaeshi ~ kannuki gatame
B32: Penguji 1 | J32: Penguji 2 | W32: Penguji 3
B36: Nama : | J36: Nama : | W36: Nama :
B37: DAN : | J37: DAN : | W37: DAN :
A39: 11 | B39: ='1 DAN'!B39 -> 0
A40: =A39+1 -> 12 | B40: ='1 DAN'!B40 -> 0 | R40: Fokus Penilaian Penguji
A41: =A40+1 -> 13 | B41: ='1 DAN'!B41 -> 0 | Q41: Ketepatan | R41: Penilaian setiap komposisi dengan titik fokus yang tercantum di bawah ini. - Goho: serangan, pertahanan, serangan balasan, 5 elemen atemi, dll. - Juho: shuho, nuki-waza, gyaku-waza, katame-waza, masing-masing prinsip, dll. Evaluasi tidak hanya kecepatan atau tampilan yang menarik, tetapi lihat apakah elemen-elemen tekniknya disusun dengan benar dan prinsip-prinsip diterapkan, untuk mengevaluasi esensi teknik tersebut. Lihat juga apakah gerakannya memiliki unsur bela diri dan masuk akal dari sudut pandang bela diri.
A42: =A41+1 -> 14 | B42: ='1 DAN'!B42 -> 0
A43: =A42+1 -> 15 | B43: ='1 DAN'!B43 -> 0
A44: =A43+1 -> 16 | B44: ='1 DAN'!B44 -> 0
A45: =A44+1 -> 17 | B45: ='1 DAN'!B45 -> 0
A46: =A45+1 -> 18 | B46: ='1 DAN'!B46 -> 0 | Q46: Penampilan | R46: 1 | S46: Komposisi, Irama, dan Moderasi | Y46: 1. Terdiri dari teknik sesuai dengan tingkatannya. 2. Tidak ada keraguan dalam melakukan rangkaian tehnik. 3. Tidak ada gerakan yang tidak perlu pada perubahan posisi dan gerakan, dll.
A47: =A46+1 -> 19 | B47: ='1 DAN'!B47 -> 0
A48: =A47+1 -> 20 | B48: ='1 DAN'!B48 -> 0
A50: Embu Berpasangan | H50: Perhatian! | R50: 2 | S50: Kuda-kuda, sikap, dan keindahan | Y50: 1. Relaks 2. Postur tubuh yang baik 3. Posisi kaki, posisi pinggul rendah, posisi kepalan tangan baik dan tangan ditekan ke samping.
A51: 1. | B51: Harai uke geri ke tsuki ten san | H51: - Seorang peserta ujian menampilkan (1), (3), (5)
B52: Bertahan : melakukan harai uke geri dan jo chu jo san ren zuki | H52: & peserta lain menampilkan (2), (4), (6)
A53: 2. | B53: Gyaku geri hiza uke nami gaeshi ke tsuki ten ichi | H53: - Penguji menentukan siapa yang memulai terlebih dahulu.
B54: Bertahan : melakukan gyaku geri hiza uke nami gaeshi dan jo chu ni ren zuki | H54: - Penguji mengevaluasi setiap peserta ujian. | R54: 3 | S54: Kihaku (semangat), Kiai, Sae (jelas) | Y54: 1.Terlihat, kihaku (bersemangat) 2. Kecepatan, kekuatan, kime, dll.
H55: - Jika peserta ujian tidak mengingat urutan embu dan penguji harus memberitahunya, setiap pemberitahuan mengurangi 2 poin dari komposisi, irama dan moderasi.
A56: 3. | B56: Morote kiri gote, Penyerang: ude ushiro neji age
A57: 4. | B57: Morote oshi nuki, Penyerang: gyaku tembin | R57: 4 | S57: Chosoku (pernafasan), Mekubari (Perhatian), dan Zanshin | Y57: 1. Ada tidak ada gangguan pernapasan. 2. Tatapan mata pada lawan. 3. Kesiapan fisik dan mental setelah teknik, dll.
A58: 5. | B58: Chidori gaeshi kari ashi
A59: 6. | B59: Kote maki gaeshi ~ kannuki gatame
B62: Penguji 1 | J62: Penguji 2 | W62: Penguji 3
B66: Nama : | J66: Nama : | W66: Nama :
B67: DAN : | J67: DAN : | W67: DAN :
A69: 21 | B69: ='1 DAN'!B70 -> 0
A70: =A69+1 -> 22 | B70: ='1 DAN'!B71 -> 0 | R70: Fokus Penilaian Penguji
A71: =A70+1 -> 23 | B71: ='1 DAN'!B72 -> 0 | Q71: Ketepatan | R71: Penilaian setiap komposisi dengan titik fokus yang tercantum di bawah ini. - Goho: serangan, pertahanan, serangan balasan, 5 elemen atemi, dll. - Juho: shuho, nuki-waza, gyaku-waza, katame-waza, masing-masing prinsip, dll. Evaluasi tidak hanya kecepatan atau tampilan yang menarik, tetapi lihat apakah elemen-elemen tekniknya disusun dengan benar dan prinsip-prinsip diterapkan, untuk mengevaluasi esensi teknik tersebut. Lihat juga apakah gerakannya memiliki unsur bela diri dan masuk akal dari sudut pandang bela diri.
A72: =A71+1 -> 24 | B72: ='1 DAN'!B73 -> 0
A73: =A72+1 -> 25 | B73: ='1 DAN'!B74 -> 0
A74: =A73+1 -> 26 | B74: ='1 DAN'!B75 -> 0
A75: =A74+1 -> 27 | B75: ='1 DAN'!B76 -> 0
A76: =A75+1 -> 28 | B76: ='1 DAN'!B77 -> 0 | Q76: Penampilan | R76: 1 | S76: Komposisi, Irama, dan Moderasi | Y76: 1. Terdiri dari teknik sesuai dengan tingkatannya. 2. Tidak ada keraguan dalam melakukan rangkaian tehnik. 3. Tidak ada gerakan yang tidak perlu pada perubahan posisi dan gerakan, dll.
A77: =A76+1 -> 29 | B77: ='1 DAN'!B78 -> 0
A78: =A77+1 -> 30 | B78: ='1 DAN'!B79 -> 0
A80: Embu Berpasangan | H80: Perhatian! | R80: 2 | S80: Kuda-kuda, sikap, dan keindahan | Y80: 1. Relaks 2. Postur tubuh yang baik 3. Posisi kaki, posisi pinggul rendah, posisi kepalan tangan baik dan tangan ditekan ke samping.
A81: 1. | B81: Harai uke geri ke tsuki ten san | H81: - Seorang peserta ujian menampilkan (1), (3), (5)
B82: Bertahan : melakukan harai uke geri dan jo chu jo san ren zuki | H82: & peserta lain menampilkan (2), (4), (6)
A83: 2. | B83: Gyaku geri hiza uke nami gaeshi ke tsuki ten ichi | H83: - Penguji menentukan siapa yang memulai terlebih dahulu.
B84: Bertahan : melakukan gyaku geri hiza uke nami gaeshi dan jo chu ni ren zuki | H84: - Penguji mengevaluasi setiap peserta ujian. | R84: 3 | S84: Kihaku (semangat), Kiai, Sae (jelas) | Y84: 1.Terlihat, kihaku (bersemangat) 2. Kecepatan, kekuatan, kime, dll.
H85: - Jika peserta ujian tidak mengingat urutan embu dan penguji harus memberitahunya, setiap pemberitahuan mengurangi 2 poin dari komposisi, irama dan moderasi.
A86: 3. | B86: Morote kiri gote, Penyerang: ude ushiro neji age
A87: 4. | B87: Morote oshi nuki, Penyerang: gyaku tembin | R87: 4 | S87: Chosoku (pernafasan), Mekubari (Perhatian), dan Zanshin | Y87: 1. Ada tidak ada gangguan pernapasan. 2. Tatapan mata pada lawan. 3. Kesiapan fisik dan mental setelah teknik, dll.
A88: 5. | B88: Chidori gaeshi kari ashi
A89: 6. | B89: Kote maki gaeshi ~ kannuki gatame
B92: Penguji 1 | J92: Penguji 2 | W92: Penguji 3
B96: Nama : | J96: Nama : | W96: Nama :
B97: DAN : | J97: DAN : | W97: DAN :
A99: 31 | B99: ='1 DAN'!B101 -> 0
A100: =A99+1 -> 32 | B100: ='1 DAN'!B102 -> 0 | R100: Fokus Penilaian Penguji
A101: =A100+1 -> 33 | B101: ='1 DAN'!B103 -> 0 | Q101: Ketepatan | R101: Penilaian setiap komposisi dengan titik fokus yang tercantum di bawah ini. - Goho: serangan, pertahanan, serangan balasan, 5 elemen atemi, dll. - Juho: shuho, nuki-waza, gyaku-waza, katame-waza, masing-masing prinsip, dll. Evaluasi tidak hanya kecepatan atau tampilan yang menarik, tetapi lihat apakah elemen-elemen tekniknya disusun dengan benar dan prinsip-prinsip diterapkan, untuk mengevaluasi esensi teknik tersebut. Lihat juga apakah gerakannya memiliki unsur bela diri dan masuk akal dari sudut pandang bela diri.
A102: =A101+1 -> 34 | B102: ='1 DAN'!B104 -> 0
A103: =A102+1 -> 35 | B103: ='1 DAN'!B105 -> 0
A104: =A103+1 -> 36 | B104: ='1 DAN'!B106 -> 0
A105: =A104+1 -> 37 | B105: ='1 DAN'!B107 -> 0
A106: =A105+1 -> 38 | B106: ='1 DAN'!B108 -> 0 | Q106: Penampilan | R106: 1 | S106: Komposisi, Irama, dan Moderasi | Y106: 1. Terdiri dari teknik sesuai dengan tingkatannya. 2. Tidak ada keraguan dalam melakukan rangkaian tehnik. 3. Tidak ada gerakan yang tidak perlu pada perubahan posisi dan gerakan, dll.
A107: =A106+1 -> 39 | B107: ='1 DAN'!B109 -> 0
A108: =A107+1 -> 40 | B108: ='1 DAN'!B110 -> 0
A110: Embu Berpasangan | H110: Perhatian! | R110: 2 | S110: Kuda-kuda, sikap, dan keindahan | Y110: 1. Relaks 2. Postur tubuh yang baik 3. Posisi kaki, posisi pinggul rendah, posisi kepalan tangan baik dan tangan ditekan ke samping.
A111: 1. | B111: Harai uke geri ke tsuki ten san | H111: - Seorang peserta ujian menampilkan (1), (3), (5)
B112: Bertahan : melakukan harai uke geri dan jo chu jo san ren zuki | H112: & peserta lain menampilkan (2), (4), (6)
A113: 2. | B113: Gyaku geri hiza uke nami gaeshi ke tsuki ten ichi | H113: - Penguji menentukan siapa yang memulai terlebih dahulu.
B114: Bertahan : melakukan gyaku geri hiza uke nami gaeshi dan jo chu ni ren zuki | H114: - Penguji mengevaluasi setiap peserta ujian. | R114: 3 | S114: Kihaku (semangat), Kiai, Sae (jelas) | Y114: 1.Terlihat, kihaku (bersemangat) 2. Kecepatan, kekuatan, kime, dll.
H115: - Jika peserta ujian tidak mengingat urutan embu dan penguji harus memberitahunya, setiap pemberitahuan mengurangi 2 poin dari komposisi, irama dan moderasi.
A116: 3. | B116: Morote kiri gote, Penyerang: ude ushiro neji age
A117: 4. | B117: Morote oshi nuki, Penyerang: gyaku tembin | R117: 4 | S117: Chosoku (pernafasan), Mekubari (Perhatian), dan Zanshin | Y117: 1. Ada tidak ada gangguan pernapasan. 2. Tatapan mata pada lawan. 3. Kesiapan fisik dan mental setelah teknik, dll.
A118: 5. | B118: Chidori gaeshi kari ashi
A119: 6. | B119: Kote maki gaeshi ~ kannuki gatame
B122: Penguji 1 | J122: Penguji 2 | W122: Penguji 3
B126: Nama : | J126: Nama : | W126: Nama :
B127: DAN : | J127: DAN : | W127: DAN :
A129: 41 | B129: ='1 DAN'!B132 -> 0
...

Sheet F-27 Rekap
A2: Formulir - 27
A3: TABULASI PENILAIAN UJIAN
A5: Menuju : KYU - VIII
A7: No | B7: Nama | C7: NIK | D7: PengProv / PengKab / PengKot* / Pengdo | E7: Jenis Kelamin | F7: Usia (Thn) | G7: Ujian Tertulis dan/atau Lisan | I7: Ujian Praktek | J7: Jumlah Nilai | K7: Lulus (L) / Tidak Lulus (TL) | M7: Total nilai min Lulus | N7: % Hasil Ujian
G8: Teori-1 | I8: Praktek
A9: 1 | G9: 70 | I9: 210 | J9: =SUM(G9:I9) -> 280 | K9: =IF(J9>=M9,"L","TL") -> L | M9: =400*70% -> 280 | N9: =J9/400*100% -> 0.7
A10: =A9+1 -> 2 | J10: =SUM(G10:I10) -> 0 | K10: =IF(J10>=M10,"L","TL") -> TL | M10: =400*70% -> 280 | N10: =J10/400*100% -> 0
A11: =A10+1 -> 3 | J11: =SUM(G11:I11) -> 0 | K11: =IF(J11>=M11,"L","TL") -> TL | M11: =400*70% -> 280 | N11: =J11/400*100% -> 0
A12: =A11+1 -> 4 | J12: =SUM(G12:I12) -> 0 | K12: =IF(J12>=M12,"L","TL") -> TL | M12: =400*70% -> 280 | N12: =J12/400*100% -> 0
A13: =A12+1 -> 5 | J13: =SUM(G13:I13) -> 0 | K13: =IF(J13>=M13,"L","TL") -> TL | M13: =400*70% -> 280 | N13: =J13/400*100% -> 0
A14: =A13+1 -> 6 | J14: =SUM(G14:I14) -> 0 | K14: =IF(J14>=M14,"L","TL") -> TL | M14: =400*70% -> 280 | N14: =J14/400*100% -> 0
A15: =A14+1 -> 7 | J15: =SUM(G15:I15) -> 0 | K15: =IF(J15>=M15,"L","TL") -> TL | M15: =400*70% -> 280 | N15: =J15/400*100% -> 0
A16: =A15+1 -> 8 | J16: =SUM(G16:I16) -> 0 | K16: =IF(J16>=M16,"L","TL") -> TL | M16: =400*70% -> 280 | N16: =J16/400*100% -> 0
A17: =A16+1 -> 9 | J17: =SUM(G17:I17) -> 0 | K17: =IF(J17>=M17,"L","TL") -> TL | M17: =400*70% -> 280 | N17: =J17/400*100% -> 0
A18: =A17+1 -> 10 | J18: =SUM(G18:I18) -> 0 | K18: =IF(J18>=M18,"L","TL") -> TL | M18: =400*70% -> 280 | N18: =J18/400*100% -> 0
A19: =A18+1 -> 11 | J19: =SUM(G19:I19) -> 0 | K19: =IF(J19>=M19,"L","TL") -> TL | M19: =400*70% -> 280 | N19: =J19/400*100% -> 0
A20: =A19+1 -> 12 | J20: =SUM(G20:I20) -> 0 | K20: =IF(J20>=M20,"L","TL") -> TL | M20: =400*70% -> 280 | N20: =J20/400*100% -> 0
A21: =A20+1 -> 13 | J21: =SUM(G21:I21) -> 0 | K21: =IF(J21>=M21,"L","TL") -> TL | M21: =400*70% -> 280 | N21: =J21/400*100% -> 0
... A48: =A47+1 -> 40 | J48: =SUM(G48:I48) -> 0 | K48: =IF(J48>=M48,"L","TL") -> TL | M48: =400*70% -> 280 | N48: =J48/400*100% -> 0
A50: Ujian ini dilaksanakan pada : | E50: Koordinator Tim Penguji | I50: PB/Pengprov/Panpel Gashuku
A51: 1. Kegiatan : …............................................
A52: 2. Tempat : …............................................
A53: 3. Tanggal : …............................................ | E53: __________________________ | I53: _____________________________
E54: Nama : | I54: Nama :
E55: Tingkat : | I55: Tingkat :
A56: Menuju : KYU - VII
A58: No | B58: Nama | C58: NIK | D58: PengProv / PengKab / PengKot* / Pengdo | E58: Jenis Kelamin | F58: Usia (Thn) | G58: Ujian Tertulis dan/atau Lisan | I58: Ujian Praktek | J58: Jumlah Nilai | K58: Lulus (L) / Tidak Lulus (TL) | M58: Total nilai min Lulus | N58: % Hasil Ujian
G59: Teori-1 | I59: Praktek
A60: 1 | G60: 70 | I60: 210 | J60: =SUM(G60:I60) -> 280 | K60: =IF(J60>=M60,"L","TL") -> L | M60: =400*70% -> 280 | N60: =J60/400*100% -> 0.7
A61: =A60+1 -> 2 | J61: =SUM(G61:I61) -> 0 | K61: =IF(J61>=M61,"L","TL") -> TL | M61: =400*70% -> 280 | N61: =J61/400*100% -> 0
A62: =A61+1 -> 3 | J62: =SUM(G62:I62) -> 0 | K62: =IF(J62>=M62,"L","TL") -> TL | M62: =400*70% -> 280 | N62: =J62/400*100% -> 0
A63: =A62+1 -> 4 | J63: =SUM(G63:I63) -> 0 | K63: =IF(J63>=M63,"L","TL") -> TL | M63: =400*70% -> 280 | N63: =J63/400*100% -> 0
A64: =A63+1 -> 5 | J64: =SUM(G64:I64) -> 0 | K64: =IF(J64>=M64,"L","TL") -> TL | M64: =400*70% -> 280 | N64: =J64/400*100% -> 0
A65: =A64+1 -> 6 | J65: =SUM(G65:I65) -> 0 | K65: =IF(J65>=M65,"L","TL") -> TL | M65: =400*70% -> 280 | N65: =J65/400*100% -> 0
A66: =A65+1 -> 7 | J66: =SUM(G66:I66) -> 0 | K66: =IF(J66>=M66,"L","TL") -> TL | M66: =400*70% -> 280 | N66: =J66/400*100% -> 0
A67: =A66+1 -> 8 | J67: =SUM(G67:I67) -> 0 | K67: =IF(J67>=M67,"L","TL") -> TL | M67: =400*70% -> 280 | N67: =J67/400*100% -> 0
A68: =A67+1 -> 9 | J68: =SUM(G68:I68) -> 0 | K68: =IF(J68>=M68,"L","TL") -> TL | M68: =400*70% -> 280 | N68: =J68/400*100% -> 0
A69: =A68+1 -> 10 | J69: =SUM(G69:I69) -> 0 | K69: =IF(J69>=M69,"L","TL") -> TL | M69: =400*70% -> 280 | N69: =J69/400*100% -> 0
A70: =A69+1 -> 11 | J70: =SUM(G70:I70) -> 0 | K70: =IF(J70>=M70,"L","TL") -> TL | M70: =400*70% -> 280 | N70: =J70/400*100% -> 0
A71: =A70+1 -> 12 | J71: =SUM(G71:I71) -> 0 | K71: =IF(J71>=M71,"L","TL") -> TL | M71: =400*70% -> 280 | N71: =J71/400*100% -> 0
A72: =A71+1 -> 13 | J72: =SUM(G72:I72) -> 0 | K72: =IF(J72>=M72,"L","TL") -> TL | M72: =400*70% -> 280 | N72: =J72/400*100% -> 0
... A99: =A98+1 -> 40 | J99: =SUM(G99:I99) -> 0 | K99: =IF(J99>=M99,"L","TL") -> TL | M99: =400*70% -> 280 | N99: =J99/400*100% -> 0
A101: Ujian ini dilaksanakan pada : | E101: Koordinator Tim Penguji | I101: PB/Pengprov/Panpel Gashuku
A102: 1. Kegiatan : …............................................
A103: 2. Tempat : …............................................
A104: 3. Tanggal : …............................................ | E104: __________________________ | I104: _____________________________
E105: Nama : | I105: Nama :
E106: Tingkat : | I106: Tingkat :
A107: Menuju : KYU - VI
A109: No | B109: Nama | C109: NIK | D109: PengProv / PengKab / PengKot* / Pengdo | E109: Jenis Kelamin | F109: Usia (Thn) | G109: Ujian Tertulis dan/atau Lisan | I109: Ujian Praktek | J109: Jumlah Nilai | K109: Lulus (L) / Tidak Lulus (TL) | M109: Total nilai min Lulus | N109: % Hasil Ujian
G110: Teori-1 | I110: Praktek
A111: 1 | G111: 70 | I111: 210 | J111: =SUM(G111:I111) -> 280 | K111: =IF(J111>=M111,"L","TL") -> L | M111: =400*70% -> 280 | N111: =J111/400*100% -> 0.7
A112: =A111+1 -> 2 | J112: =SUM(G112:I112) -> 0 | K112: =IF(J112>=M112,"L","TL") -> TL | M112: =400*70% -> 280 | N112: =J112/400*100% -> 0
A113: =A112+1 -> 3 | J113: =SUM(G113:I113) -> 0 | K113: =IF(J113>=M113,"L","TL") -> TL | M113: =400*70% -> 280 | N113: =J113/400*100% -> 0
A114: =A113+1 -> 4 | J114: =SUM(G114:I114) -> 0 | K114: =IF(J114>=M114,"L","TL") -> TL | M114: =400*70% -> 280 | N114: =J114/400*100% -> 0
A115: =A114+1 -> 5 | J115: =SUM(G115:I115) -> 0 | K115: =IF(J115>=M115,"L","TL") -> TL | M115: =400*70% -> 280 | N115: =J115/400*100% -> 0
A116: =A115+1 -> 6 | J116: =SUM(G116:I116) -> 0 | K116: =IF(J116>=M116,"L","TL") -> TL | M116: =400*70% -> 280 | N116: =J116/400*100% -> 0
A117: =A116+1 -> 7 | J117: =SUM(G117:I117) -> 0 | K117: =IF(J117>=M117,"L","TL") -> TL | M117: =400*70% -> 280 | N117: =J117/400*100% -> 0
A118: =A117+1 -> 8 | J118: =SUM(G118:I118) -> 0 | K118: =IF(J118>=M118,"L","TL") -> TL | M118: =400*70% -> 280 | N118: =J118/400*100% -> 0
A119: =A118+1 -> 9 | J119: =SUM(G119:I119) -> 0 | K119: =IF(J119>=M119,"L","TL") -> TL | M119: =400*70% -> 280 | N119: =J119/400*100% -> 0
A120: =A119+1 -> 10 | J120: =SUM(G120:I120) -> 0 | K120: =IF(J120>=M120,"L","TL") -> TL | M120: =400*70% -> 280 | N120: =J120/400*100% -> 0
A121: =A120+1 -> 11 | J121: =SUM(G121:I121) -> 0 | K121: =IF(J121>=M121,"L","TL") -> TL | M121: =400*70% -> 280 | N121: =J121/400*100% -> 0
A122: =A121+1 -> 12 | J122: =SUM(G122:I122) -> 0 | K122: =IF(J122>=M122,"L","TL") -> TL | M122: =400*70% -> 280 | N122: =J122/400*100% -> 0
A123: =A122+1 -> 13 | J123: =SUM(G123:I123) -> 0 | K123: =IF(J123>=M123,"L","TL") -> TL | M123: =400*70% -> 280 | N123: =J123/400*100% -> 0
... A150: =A149+1 -> 40 | J150: =SUM(G150:I150) -> 0 | K150: =IF(J150>=M150,"L","TL") -> TL | M150: =400*70% -> 280 | N150: =J150/400*100% -> 0
A152: Ujian ini dilaksanakan pada : | E152: Koordinator Tim Penguji | I152: PB/Pengprov/Panpel Gashuku
A153: 1. Kegiatan : …............................................
A154: 2. Tempat : …............................................
A155: 3. Tanggal : …............................................ | E155: __________________________ | I155: _____________________________
E156: Nama : | I156: Nama :
E157: Tingkat : | I157: Tingkat :
A158: Menuju : KYU - V
A160: No | B160: Nama | C160: NIK | D160: PengProv / PengKab / PengKot* / Pengdo | E160: Jenis Kelamin | F160: Usia (Thn) | G160: Ujian Tertulis dan/atau Lisan | I160: Ujian Praktek | J160: Jumlah Nilai | K160: Lulus (L) / Tidak Lulus (TL) | M160: Total nilai min Lulus | N160: % Hasil Ujian
G161: Teori-1 | I161: Praktek
A162: 1 | G162: 70 | I162: 210 | J162: =SUM(G162:I162) -> 280 | K162: =IF(J162>=M162,"L","TL") -> L | M162: =400*70% -> 280 | N162: =J162/400*100% -> 0.7
A163: =A162+1 -> 2 | J163: =SUM(G163:I163) -> 0 | K163: =IF(J163>=M163,"L","TL") -> TL | M163: =400*70% -> 280 | N163: =J163/400*100% -> 0
A164: =A163+1 -> 3 | J164: =SUM(G164:I164) -> 0 | K164: =IF(J164>=M164,"L","TL") -> TL | M164: =400*70% -> 280 | N164: =J164/400*100% -> 0
A165: =A164+1 -> 4 | J165: =SUM(G165:I165) -> 0 | K165: =IF(J165>=M165,"L","TL") -> TL | M165: =400*70% -> 280 | N165: =J165/400*100% -> 0
A166: =A165+1 -> 5 | J166: =SUM(G166:I166) -> 0 | K166: =IF(J166>=M166,"L","TL") -> TL | M166: =400*70% -> 280 | N166: =J166/400*100% -> 0
A167: =A166+1 -> 6 | J167: =SUM(G167:I167) -> 0 | K167: =IF(J167>=M167,"L","TL") -> TL | M167: =400*70% -> 280 | N167: =J167/400*100% -> 0
A168: =A167+1 -> 7 | J168: =SUM(G168:I168) -> 0 | K168: =IF(J168>=M168,"L","TL") -> TL | M168: =400*70% -> 280 | N168: =J168/400*100% -> 0
A169: =A168+1 -> 8 | J169: =SUM(G169:I169) -> 0 | K169: =IF(J169>=M169,"L","TL") -> TL | M169: =400*70% -> 280 | N169: =J169/400*100% -> 0
A170: =A169+1 -> 9 | J170: =SUM(G170:I170) -> 0 | K170: =IF(J170>=M170,"L","TL") -> TL | M170: =400*70% -> 280 | N170: =J170/400*100% -> 0
A171: =A170+1 -> 10 | J171: =SUM(G171:I171) -> 0 | K171: =IF(J171>=M171,"L","TL") -> TL | M171: =400*70% -> 280 | N171: =J171/400*100% -> 0
A172: =A171+1 -> 11 | J172: =SUM(G172:I172) -> 0 | K172: =IF(J172>=M172,"L","TL") -> TL | M172: =400*70% -> 280 | N172: =J172/400*100% -> 0
A173: =A172+1 -> 12 | J173: =SUM(G173:I173) -> 0 | K173: =IF(J173>=M173,"L","TL") -> TL | M173: =400*70% -> 280 | N173: =J173/400*100% -> 0
A174: =A173+1 -> 13 | J174: =SUM(G174:I174) -> 0 | K174: =IF(J174>=M174,"L","TL") -> TL | M174: =400*70% -> 280 | N174: =J174/400*100% -> 0
... A201: =A200+1 -> 40 | J201: =SUM(G201:I201) -> 0 | K201: =IF(J201>=M201,"L","TL") -> TL | M201: =400*70% -> 280 | N201: =J201/400*100% -> 0
A203: Ujian ini dilaksanakan pada : | E203: Koordinator Tim Penguji | I203: PB/Pengprov/Panpel Gashuku
A204: 1. Kegiatan : …............................................
A205: 2. Tempat : …............................................
A206: 3. Tanggal : …............................................ | E206: __________________________ | I206: _____________________________
E207: Nama : | I207: Nama :
E208: Tingkat : | I208: Tingkat :
A209: Menuju : KYU - IV
A211: No | B211: Nama | C211: NIK | D211: PengProv / PengKab / PengKot* / Pengdo | E211: Jenis Kelamin | F211: Usia (Thn) | G211: Ujian Tertulis dan/atau Lisan | I211: Ujian Praktek | J211: Jumlah Nilai | K211: Lulus (L) / Tidak Lulus (TL) | M211: Total nilai min Lulus | N211: % Hasil Ujian
G212: Teori-1 | I212: Praktek
A213: 1 | G213: 70 | I213: 210 | J213: =SUM(G213:I213) -> 280 | K213: =IF(J213>=M213,"L","TL") -> L | M213: =400*70% -> 280 | N213: =J213/400*100% -> 0.7
A214: =A213+1 -> 2 | J214: =SUM(G214:I214) -> 0 | K214: =IF(J214>=M214,"L","TL") -> TL | M214: =400*70% -> 280 | N214: =J214/400*100% -> 0
A215: =A214+1 -> 3 | J215: =SUM(G215:I215) -> 0 | K215: =IF(J215>=M215,"L","TL") -> TL | M215: =400*70% -> 280 | N215: =J215/400*100% -> 0
...
